src_uid,dst_uid,relation_type,relative_revenue,relative_revenue_percentage,depth,direction
a6552c54-688d-59bb-a564-5a3bd33bfa76,0727c9f6-a50b-5fd5-b495-58be4894069d,Supplier,,,1,suppliers
a6552c54-688d-59bb-a564-5a3bd33bfa76,19f1c551-d50b-5d80-b7ac-b74f597bb831,Supplier,,,1,suppliers
a6552c54-688d-59bb-a564-5a3bd33bfa76,1a5fabf9-8af6-5992-8017-0b8a8e514e4c,Supplier,,,1,suppliers
a6552c54-688d-59bb-a564-5a3bd33bfa76,42df3e5e-75cd-52d2-a281-9d71a11dfcd2,Supplier,,,1,suppliers
a6552c54-688d-59bb-a564-5a3bd33bfa76,44ca9034-7354-5d0b-9e65-64e8200eb4a9,Supplier,,,1,suppliers
a6552c54-688d-59bb-a564-5a3bd33bfa76,51f8b3bc-cb26-5807-a827-eebcffcc62bd,Supplier,,,1,suppliers
a6552c54-688d-59bb-a564-5a3bd33bfa76,629885ed-0829-5b85-a423-470b40725aa6,Supplier,,,1,suppliers
a6552c54-688d-59bb-a564-5a3bd33bfa76,5b2818cf-0015-5e04-b84e-6707ca8df6cf,Supplier,,,1,suppliers
a6552c54-688d-59bb-a564-5a3bd33bfa76,7434209a-5181-52e4-b5f4-15b3d072d9a9,Supplier,,,1,suppliers
a6552c54-688d-59bb-a564-5a3bd33bfa76,996ecbdc-61e4-536d-94f3-b5f9ca32407e,Supplier,,,1,suppliers
a6552c54-688d-59bb-a564-5a3bd33bfa76,9ea95f73-a223-5b4a-b9b8-637b2f5c922e,Supplier,,,1,suppliers
a6552c54-688d-59bb-a564-5a3bd33bfa76,b9b1fd21-4891-5710-8c5f-c17ac164850e,Supplier,,,1,suppliers
a6552c54-688d-59bb-a564-5a3bd33bfa76,afb6c7b8-15a8-5bfa-88bd-9f8fad610a65,Supplier,,,1,suppliers
a6552c54-688d-59bb-a564-5a3bd33bfa76,c52b8073-c4d4-5d6f-95ca-f662fca50228,Supplier,,,1,suppliers
a6552c54-688d-59bb-a564-5a3bd33bfa76,c81dacc2-2f02-5c7d-bc58-60259240b1a0,Supplier,251.0,8.4,1,suppliers
a6552c54-688d-59bb-a564-5a3bd33bfa76,dcf03705-390b-5138-84b6-b24a5b866eac,Supplier,,,1,suppliers
a6552c54-688d-59bb-a564-5a3bd33bfa76,f8e14ab8-75c3-5d82-af72-9756552d622a,Supplier,,,1,suppliers
a6552c54-688d-59bb-a564-5a3bd33bfa76,fd1d34f5-e102-5ac6-80a8-a9d903183819,Supplier,,,1,suppliers
a6552c54-688d-59bb-a564-5a3bd33bfa76,0eaf94bf-2414-5be0-95b9-93416848014d,Supplier,,,1,suppliers
a6552c54-688d-59bb-a564-5a3bd33bfa76,31736e2f-175c-52b1-b6eb-c8105c2f96d0,Supplier,,,1,suppliers
a6552c54-688d-59bb-a564-5a3bd33bfa76,34937a45-b3d7-5513-9767-4f399d14d89d,Supplier,,,1,suppliers
a6552c54-688d-59bb-a564-5a3bd33bfa76,4e6660a7-b76b-5387-9fe8-31274b43419a,Supplier,,,1,suppliers
a6552c54-688d-59bb-a564-5a3bd33bfa76,67eb24ce-8969-5161-a5d4-70e544ecd218,Supplier,,,1,suppliers
a6552c54-688d-59bb-a564-5a3bd33bfa76,79f9ca12-38c5-57ca-b5e8-503f42855246,Supplier,,,1,suppliers
a6552c54-688d-59bb-a564-5a3bd33bfa76,7cfa6ed1-bf0b-537d-9a35-4d9f0bfdccef,Supplier,,,1,suppliers
a6552c54-688d-59bb-a564-5a3bd33bfa76,7eb40861-55f5-5f65-acbd-1c40c25db58f,Supplier,,,1,suppliers
a6552c54-688d-59bb-a564-5a3bd33bfa76,908f5d8a-88b4-5f19-b908-69b35edff52f,Supplier,,,1,suppliers
a6552c54-688d-59bb-a564-5a3bd33bfa76,b707e6d7-651b-51d1-88ce-a73de7f3ddea,Supplier,,,1,suppliers
a6552c54-688d-59bb-a564-5a3bd33bfa76,bf4691fd-b9d0-53a7-996a-c9e62e12cddc,Supplier,,,1,suppliers
a6552c54-688d-59bb-a564-5a3bd33bfa76,cfdfc190-d300-5593-a1a9-556427096321,Supplier,,10.28,1,suppliers
a6552c54-688d-59bb-a564-5a3bd33bfa76,ec283a3f-4885-5032-9908-72255b2edfc5,Supplier,,,1,suppliers
a6552c54-688d-59bb-a564-5a3bd33bfa76,27d8dfc8-10f2-5c83-a13f-d6fe4f5df9a3,Supplier,,,1,suppliers
a6552c54-688d-59bb-a564-5a3bd33bfa76,320d1db3-208c-553e-8613-18d2a9cc7879,Supplier,,,1,suppliers
a6552c54-688d-59bb-a564-5a3bd33bfa76,356e9662-e0de-58a3-8b90-23d96dcc5cfd,Supplier,,,1,suppliers
a6552c54-688d-59bb-a564-5a3bd33bfa76,4d4f13fe-2d55-589f-a517-c76f28008b16,Supplier,,,1,suppliers
a6552c54-688d-59bb-a564-5a3bd33bfa76,4e155483-f03d-5e0c-a473-f33210909c82,Supplier,,,1,suppliers
a6552c54-688d-59bb-a564-5a3bd33bfa76,53e5d1fa-abd2-5463-8f6f-7333364dcce7,Supplier,,,1,suppliers
a6552c54-688d-59bb-a564-5a3bd33bfa76,60ba9cac-c66a-556e-879b-801dcca3f0f9,Supplier,,,1,suppliers
a6552c54-688d-59bb-a564-5a3bd33bfa76,702661fb-33f4-5385-a9e5-720808e5774b,Supplier,,,1,suppliers
a6552c54-688d-59bb-a564-5a3bd33bfa76,765b8a4d-7285-5e3c-87ce-9dea0ce0b455,Supplier,,,1,suppliers
a6552c54-688d-59bb-a564-5a3bd33bfa76,8383e8a1-39e8-549a-ad99-49f4d1661785,Supplier,,14.74,1,suppliers
a6552c54-688d-59bb-a564-5a3bd33bfa76,83acbe2f-18f1-5d96-b6f0-ae985ab6da5f,Supplier,,,1,suppliers
a6552c54-688d-59bb-a564-5a3bd33bfa76,9807a941-7995-5fc9-bc7c-18ce03140adc,Supplier,,,1,suppliers
a6552c54-688d-59bb-a564-5a3bd33bfa76,a4d66718-26cb-584e-8f36-714b18633a5d,Supplier,,,1,suppliers
a6552c54-688d-59bb-a564-5a3bd33bfa76,b276680a-98c5-5beb-adb5-1c8586c60a6b,Supplier,,,1,suppliers
a6552c54-688d-59bb-a564-5a3bd33bfa76,bf5e30ed-7053-5650-a68d-f2f59623d1b4,Supplier,,,1,suppliers
a6552c54-688d-59bb-a564-5a3bd33bfa76,ca137a45-4c4a-5cf5-a8d0-8314fa670766,Supplier,,,1,suppliers
a6552c54-688d-59bb-a564-5a3bd33bfa76,d580b949-c444-5daa-88c3-d10967d86896,Supplier,,,1,suppliers
a6552c54-688d-59bb-a564-5a3bd33bfa76,eb3e0007-78a8-5297-9ce3-66a74de57cc1,Supplier,,,1,suppliers
a6552c54-688d-59bb-a564-5a3bd33bfa76,092f6c4b-3f33-51e5-9d44-2fc3fda1754e,Supplier,,,1,suppliers
a6552c54-688d-59bb-a564-5a3bd33bfa76,19fc67a3-6333-5f4e-93af-59b412947183,Supplier,,,1,suppliers
a6552c54-688d-59bb-a564-5a3bd33bfa76,58dca2a3-aa3a-56ca-8393-dc1a11a06717,Supplier,,,1,suppliers
a6552c54-688d-59bb-a564-5a3bd33bfa76,14e89da5-28df-5a69-9154-4fdac55d03f5,Supplier,,9.83,1,suppliers
a6552c54-688d-59bb-a564-5a3bd33bfa76,346bbf0a-6725-5b73-9284-ed39e3e04095,Supplier,,,1,suppliers
a6552c54-688d-59bb-a564-5a3bd33bfa76,5de372c3-98d0-5dbb-b45e-af9321a82139,Supplier,,,1,suppliers
a6552c54-688d-59bb-a564-5a3bd33bfa76,9a6a9536-bd2d-570a-bafb-9d1bcec86cd0,Supplier,,,1,suppliers
a6552c54-688d-59bb-a564-5a3bd33bfa76,7c9aba3a-b14e-5164-ab8e-af4873f47ab1,Supplier,,,1,suppliers
a6552c54-688d-59bb-a564-5a3bd33bfa76,8240d264-1e8f-5ee5-946b-056ddeb7b939,Supplier,,,1,suppliers
a6552c54-688d-59bb-a564-5a3bd33bfa76,b66eaaa0-0517-5f15-a574-4c7f359422dd,Supplier,,,1,suppliers
a6552c54-688d-59bb-a564-5a3bd33bfa76,a5156b95-97c5-5520-97b2-a5a6ff188905,Supplier,,,1,suppliers
a6552c54-688d-59bb-a564-5a3bd33bfa76,a02851a7-bc07-53a5-b248-a4ff86ba1f65,Supplier,,,1,suppliers
a6552c54-688d-59bb-a564-5a3bd33bfa76,bca970f6-0636-5da6-851d-1abd8500528e,Supplier,,,1,suppliers
a6552c54-688d-59bb-a564-5a3bd33bfa76,a809bbd1-1abb-51b3-bd15-ae6b072431b8,Supplier,,,1,suppliers
a6552c54-688d-59bb-a564-5a3bd33bfa76,d3049640-4d60-5e29-aca2-978d530a2973,Supplier,,,1,suppliers
a6552c54-688d-59bb-a564-5a3bd33bfa76,a357f193-8e2b-510c-aa7b-c038e9108379,Supplier,,,1,suppliers
a6552c54-688d-59bb-a564-5a3bd33bfa76,c1904afe-2d92-5963-bedc-3a4bea3b3442,Supplier,,,1,suppliers
a6552c54-688d-59bb-a564-5a3bd33bfa76,0bfd545f-5c01-5461-b184-e532d7ab2357,Supplier,,,1,suppliers
a6552c54-688d-59bb-a564-5a3bd33bfa76,0c8526fb-b43c-5a4d-bfb5-3293e05860ac,Supplier,,,1,suppliers
a6552c54-688d-59bb-a564-5a3bd33bfa76,0e9c3923-6e3c-57f8-b4c0-e501e48051fd,Supplier,,,1,suppliers
a6552c54-688d-59bb-a564-5a3bd33bfa76,1013427e-f17d-53c9-8940-282377ab5912,Supplier,,,1,suppliers
a6552c54-688d-59bb-a564-5a3bd33bfa76,34099cf9-d867-59ab-9e7c-c09c11cbcd2f,Supplier,,,1,suppliers
a6552c54-688d-59bb-a564-5a3bd33bfa76,5dd766c5-9664-5b72-bb8e-bf3639e501b4,Supplier,,,1,suppliers
a6552c54-688d-59bb-a564-5a3bd33bfa76,72dbf663-1682-5f32-b025-c49bd945c294,Supplier,,,1,suppliers
a6552c54-688d-59bb-a564-5a3bd33bfa76,7ddadf4d-04a0-551f-b218-163108f8e03b,Supplier,,,1,suppliers
a6552c54-688d-59bb-a564-5a3bd33bfa76,88925dcb-631d-5f03-8e49-b4a8ff86959d,Supplier,,,1,suppliers
a6552c54-688d-59bb-a564-5a3bd33bfa76,95d4764a-c7bd-54fe-ad10-42967b6630dc,Supplier,,,1,suppliers
a6552c54-688d-59bb-a564-5a3bd33bfa76,9defbe18-0158-5933-976e-01a5060173a6,Supplier,,,1,suppliers
a6552c54-688d-59bb-a564-5a3bd33bfa76,c11ffe47-263d-5b7e-b627-000fbc07b3d7,Supplier,,,1,suppliers
a6552c54-688d-59bb-a564-5a3bd33bfa76,c5617a00-5647-51c3-b591-e2e9fff443e6,Supplier,,,1,suppliers
a6552c54-688d-59bb-a564-5a3bd33bfa76,ce46d7a3-83f8-500a-b3ca-5b10e2929f9a,Supplier,,,1,suppliers
a6552c54-688d-59bb-a564-5a3bd33bfa76,cfb64b9c-d551-5315-921d-75d28d52e1e2,Supplier,,,1,suppliers
a6552c54-688d-59bb-a564-5a3bd33bfa76,dc9ffe39-4a12-54c4-afe5-e10b1bb58650,Supplier,,,1,suppliers
a6552c54-688d-59bb-a564-5a3bd33bfa76,e4e14775-9bfc-59a3-9da3-a09d47a376b1,Supplier,,,1,suppliers
a6552c54-688d-59bb-a564-5a3bd33bfa76,4ef4c0be-6d83-52e8-b082-c73128db781b,Supplier,,,1,suppliers
a6552c54-688d-59bb-a564-5a3bd33bfa76,47338927-3567-5b75-bebf-b714246c51b1,Supplier,,,1,suppliers
a6552c54-688d-59bb-a564-5a3bd33bfa76,6cfb7f40-a99c-5fc1-a899-f341d4ea37dc,Supplier,,,1,suppliers
a6552c54-688d-59bb-a564-5a3bd33bfa76,2c0271a2-25aa-59d1-b7c7-9074f43f812e,Supplier,,,1,suppliers
a6552c54-688d-59bb-a564-5a3bd33bfa76,59b50389-b4bb-52eb-af3a-757d80f9f061,Supplier,,,1,suppliers
a6552c54-688d-59bb-a564-5a3bd33bfa76,9240e548-43fa-5e26-a333-88e64394fe3c,Supplier,,,1,suppliers
a6552c54-688d-59bb-a564-5a3bd33bfa76,91b8a1f5-cf78-54b4-b4a6-3e0897d7a719,Supplier,,,1,suppliers
a6552c54-688d-59bb-a564-5a3bd33bfa76,93a53c46-1fde-50ce-bb27-6507c710c54f,Supplier,,,1,suppliers
a6552c54-688d-59bb-a564-5a3bd33bfa76,9b8ee564-3aaa-5714-95c1-27065d724a04,Supplier,,,1,suppliers
a6552c54-688d-59bb-a564-5a3bd33bfa76,a5d33f4e-25cc-58e7-a9a6-1dfdd266ca3c,Supplier,,,1,suppliers
a6552c54-688d-59bb-a564-5a3bd33bfa76,ae41c544-399d-5d39-9c22-bec6c4779996,Supplier,,,1,suppliers
a6552c54-688d-59bb-a564-5a3bd33bfa76,c0cdcef4-f065-5c9c-81e2-a48ff31abb7a,Supplier,,,1,suppliers
a6552c54-688d-59bb-a564-5a3bd33bfa76,c3ceb5d6-5c3f-5a2b-9701-80672cb15e4e,Supplier,,,1,suppliers
a6552c54-688d-59bb-a564-5a3bd33bfa76,d3ea9177-32b9-5143-b4c0-3f94c6da9be1,Supplier,,,1,suppliers
a6552c54-688d-59bb-a564-5a3bd33bfa76,d5bcf789-da0a-55bf-8c2f-421edf3b9c28,Supplier,,,1,suppliers
a6552c54-688d-59bb-a564-5a3bd33bfa76,eb1d2f0a-853c-5f76-9d48-7733797da6ac,Supplier,,,1,suppliers
a6552c54-688d-59bb-a564-5a3bd33bfa76,1a53e200-6891-596d-8d9f-5ebaf560837b,Supplier,,,1,suppliers
a6552c54-688d-59bb-a564-5a3bd33bfa76,1d272dff-84dc-5bf2-9c21-e656b0979227,Supplier,,,1,suppliers
a6552c54-688d-59bb-a564-5a3bd33bfa76,1f1f6180-f098-50f7-982a-cfcda7b60eb9,Supplier,,,1,suppliers
a6552c54-688d-59bb-a564-5a3bd33bfa76,2d7ad443-925c-5651-b806-b809e973b9b4,Supplier,,,1,suppliers
a6552c54-688d-59bb-a564-5a3bd33bfa76,468f88a7-be9a-500a-9c0b-a1e260bcd364,Supplier,,,1,suppliers
a6552c54-688d-59bb-a564-5a3bd33bfa76,57d89896-0af2-5416-89ba-8103bfac55e1,Supplier,,,1,suppliers
a6552c54-688d-59bb-a564-5a3bd33bfa76,60ee5258-7ac0-5c16-b429-37266afa5999,Supplier,,,1,suppliers
a6552c54-688d-59bb-a564-5a3bd33bfa76,78c17a61-6559-507c-8e29-fd5f79577119,Supplier,,,1,suppliers
a6552c54-688d-59bb-a564-5a3bd33bfa76,8723d90a-668f-5be4-8eae-98b26beed69a,Supplier,,,1,suppliers
a6552c54-688d-59bb-a564-5a3bd33bfa76,8c6c6e46-dc43-5f45-971b-d707101448be,Supplier,,,1,suppliers
a6552c54-688d-59bb-a564-5a3bd33bfa76,945b9a36-a46d-55ae-8c38-5829bae2af15,Supplier,,,1,suppliers
a6552c54-688d-59bb-a564-5a3bd33bfa76,950d1ccf-0f37-599a-9c19-3d3bf63260d1,Supplier,,,1,suppliers
a6552c54-688d-59bb-a564-5a3bd33bfa76,9fe62878-496d-5874-8dfe-344a344ba0ec,Supplier,,,1,suppliers
a6552c54-688d-59bb-a564-5a3bd33bfa76,a323f47f-7a85-55b8-b2f6-cd5d8bd8b012,Supplier,,,1,suppliers
a6552c54-688d-59bb-a564-5a3bd33bfa76,b914f883-0289-50f2-a490-2b55d0bcbfce,Supplier,,,1,suppliers
a6552c54-688d-59bb-a564-5a3bd33bfa76,d0c09529-644e-5e20-9fe1-dcfa4e176c55,Supplier,,,1,suppliers
a6552c54-688d-59bb-a564-5a3bd33bfa76,e8ed3cbb-bfcb-5f29-b2d5-2938490638ec,Supplier,,,1,suppliers
a6552c54-688d-59bb-a564-5a3bd33bfa76,f0d80ec6-4e04-51a3-9e53-2195dd275991,Supplier,,6.0,1,suppliers
a6552c54-688d-59bb-a564-5a3bd33bfa76,0b7e2ac3-3c70-556f-85d7-b630d3f517b5,Supplier,,,1,suppliers
a6552c54-688d-59bb-a564-5a3bd33bfa76,0b8c6571-ec17-5081-aa01-3d225e1361e8,Supplier,,,1,suppliers
a6552c54-688d-59bb-a564-5a3bd33bfa76,0f1b68c7-7d3a-57e5-bd26-27f138bded2c,Supplier,,,1,suppliers
a6552c54-688d-59bb-a564-5a3bd33bfa76,6131a210-f184-5fcd-b775-b554fc46b145,Supplier,1.9,51.0,1,suppliers
a6552c54-688d-59bb-a564-5a3bd33bfa76,553b5f88-607a-5af7-aee9-9c9a1a840d6f,Supplier,,,1,suppliers
a6552c54-688d-59bb-a564-5a3bd33bfa76,3d896625-b0b3-5975-9d90-45433f1d66e3,Supplier,,,1,suppliers
a6552c54-688d-59bb-a564-5a3bd33bfa76,48fcac26-6e32-55c7-a495-44fb9234ff11,Supplier,,,1,suppliers
a6552c54-688d-59bb-a564-5a3bd33bfa76,63a9a307-fd9b-542e-b51d-aa48baf9ebec,Supplier,,,1,suppliers
a6552c54-688d-59bb-a564-5a3bd33bfa76,1235e393-0ea2-54b8-b316-7c7fc9b9b7c4,Supplier,,,1,suppliers
a6552c54-688d-59bb-a564-5a3bd33bfa76,2709f95c-0abc-5812-8265-ccafe4ffc084,Supplier,,,1,suppliers
a6552c54-688d-59bb-a564-5a3bd33bfa76,54e00cc0-e528-5227-b4ca-64896a548f3d,Supplier,,,1,suppliers
a6552c54-688d-59bb-a564-5a3bd33bfa76,767b40bd-2190-5ccc-ada7-ffea93a0efd2,Supplier,,,1,suppliers
a6552c54-688d-59bb-a564-5a3bd33bfa76,c5590a59-1d9b-59f6-94ea-f15bacaab570,Supplier,,,1,suppliers
a6552c54-688d-59bb-a564-5a3bd33bfa76,ca3f886c-37f8-5894-887c-e7756a09ceb9,Supplier,,,1,suppliers
a6552c54-688d-59bb-a564-5a3bd33bfa76,a90f87ab-0373-5960-b73b-8534d8caf546,Supplier,,,1,suppliers
a6552c54-688d-59bb-a564-5a3bd33bfa76,aea3b175-f63b-5a3d-8633-9d1c92834c34,Supplier,,,1,suppliers
a6552c54-688d-59bb-a564-5a3bd33bfa76,de0ecc1f-0d0b-5547-90ae-51764d6fea3b,Supplier,,,1,suppliers
a6552c54-688d-59bb-a564-5a3bd33bfa76,fb83dd90-0e0c-56c9-a49e-3fd3faa31da0,Supplier,,,1,suppliers
0f1b68c7-7d3a-57e5-bd26-27f138bded2c,5b080965-56fc-598b-8273-7636c115acc6,Supplier,,,2,suppliers
0f1b68c7-7d3a-57e5-bd26-27f138bded2c,047159ff-5c81-592f-9263-a74f301620bd,Supplier,,,2,suppliers
0f1b68c7-7d3a-57e5-bd26-27f138bded2c,c52b8073-c4d4-5d6f-95ca-f662fca50228,Supplier,,,2,suppliers
0f1b68c7-7d3a-57e5-bd26-27f138bded2c,1eb01ebe-99e1-5dbf-9d3d-6d12b7803be0,Supplier,,,2,suppliers
0f1b68c7-7d3a-57e5-bd26-27f138bded2c,d8b32b2e-4027-5fcc-b86e-c06016eaf010,Supplier,,,2,suppliers
0f1b68c7-7d3a-57e5-bd26-27f138bded2c,faa30d43-d098-5ebb-9afd-a698fd699862,Supplier,,,2,suppliers
0f1b68c7-7d3a-57e5-bd26-27f138bded2c,cd481cdc-b619-5f13-8a06-19339fb44f42,Supplier,,,2,suppliers
0f1b68c7-7d3a-57e5-bd26-27f138bded2c,963be96c-0290-50a3-add8-f75c5ac71658,Supplier,,,2,suppliers
0f1b68c7-7d3a-57e5-bd26-27f138bded2c,8eabfa5f-4952-516c-ac74-92c4fae8586f,Supplier,,,2,suppliers
1235e393-0ea2-54b8-b316-7c7fc9b9b7c4,c52b8073-c4d4-5d6f-95ca-f662fca50228,Supplier,,,2,suppliers
1235e393-0ea2-54b8-b316-7c7fc9b9b7c4,d8b32b2e-4027-5fcc-b86e-c06016eaf010,Supplier,,,2,suppliers
19f1c551-d50b-5d80-b7ac-b74f597bb831,0da2e51a-442b-5012-a2a9-4d504af8aa79,Supplier,,,2,suppliers
19f1c551-d50b-5d80-b7ac-b74f597bb831,1124d776-1b62-5821-a8f1-2fe6f7681211,Supplier,,,2,suppliers
19f1c551-d50b-5d80-b7ac-b74f597bb831,21475b77-c724-5b24-a1ee-fa060f3a6142,Supplier,,,2,suppliers
19f1c551-d50b-5d80-b7ac-b74f597bb831,2fcf8fad-cdc2-57ad-89d2-ef6c8d97cb33,Supplier,,,2,suppliers
19f1c551-d50b-5d80-b7ac-b74f597bb831,47ff3b9e-6ef2-5a98-aa22-eaa093aeef77,Supplier,,,2,suppliers
19f1c551-d50b-5d80-b7ac-b74f597bb831,6b84c803-c493-518d-83b2-86ea391a359e,Supplier,,,2,suppliers
19f1c551-d50b-5d80-b7ac-b74f597bb831,730d361d-a734-5621-a9a2-8c505310e8b6,Supplier,,,2,suppliers
19f1c551-d50b-5d80-b7ac-b74f597bb831,b565bf7d-dbc0-58c1-b144-855b2477176b,Supplier,,,2,suppliers
19f1c551-d50b-5d80-b7ac-b74f597bb831,b6f41d7f-05cf-5ae4-ad66-2dece518f089,Supplier,3.3,2.1,2,suppliers
19f1c551-d50b-5d80-b7ac-b74f597bb831,cb014600-be31-51de-8a39-1e5101b9d303,Supplier,,,2,suppliers
19f1c551-d50b-5d80-b7ac-b74f597bb831,d8f7fb29-d3bb-5bb2-b71d-e50428ea48b6,Supplier,,,2,suppliers
19f1c551-d50b-5d80-b7ac-b74f597bb831,e705de2f-380e-5b92-a761-91e72cbc69a0,Supplier,,,2,suppliers
19f1c551-d50b-5d80-b7ac-b74f597bb831,e6539a0f-04ef-5e1e-b42a-78ea110bc722,Supplier,,,2,suppliers
19f1c551-d50b-5d80-b7ac-b74f597bb831,ff791478-3bce-56ef-a0c5-65bc2521e4ef,Supplier,,,2,suppliers
19f1c551-d50b-5d80-b7ac-b74f597bb831,00534628-1734-5c75-8ea0-889b519d3c4a,Supplier,25.2,2.74,2,suppliers
19f1c551-d50b-5d80-b7ac-b74f597bb831,361c7c36-5743-50fe-aecd-7425d3689699,Supplier,,,2,suppliers
19f1c551-d50b-5d80-b7ac-b74f597bb831,421bb25d-9b48-534f-ab08-33abf8595288,Supplier,,,2,suppliers
19f1c551-d50b-5d80-b7ac-b74f597bb831,67eb24ce-8969-5161-a5d4-70e544ecd218,Supplier,,,2,suppliers
19f1c551-d50b-5d80-b7ac-b74f597bb831,792cb6ab-7f6d-57ea-bbb9-928ae85dfa5d,Supplier,,,2,suppliers
19f1c551-d50b-5d80-b7ac-b74f597bb831,88512348-d6f6-528e-8fc7-f53a3dfd5129,Supplier,,,2,suppliers
19f1c551-d50b-5d80-b7ac-b74f597bb831,90ed394e-c1c1-58d8-aa19-25d5789021ff,Supplier,,,2,suppliers
19f1c551-d50b-5d80-b7ac-b74f597bb831,9797591d-d0da-5bf2-aacd-85d2bf57a229,Supplier,,,2,suppliers
19f1c551-d50b-5d80-b7ac-b74f597bb831,a503bb0d-af85-5621-8cbe-41ae3ab7cb49,Supplier,,,2,suppliers
19f1c551-d50b-5d80-b7ac-b74f597bb831,b3b2efba-c568-5975-960c-8f4edbefb69b,Supplier,,,2,suppliers
19f1c551-d50b-5d80-b7ac-b74f597bb831,d56d56b2-a94a-5981-9a16-9cf7640704a3,Supplier,,,2,suppliers
19f1c551-d50b-5d80-b7ac-b74f597bb831,1bbb54b6-e228-55d1-a2b3-f1d8d35fd838,Supplier,,,2,suppliers
19f1c551-d50b-5d80-b7ac-b74f597bb831,4ec40bb4-0b3d-5aed-976a-b89f42d9f448,Supplier,,,2,suppliers
19f1c551-d50b-5d80-b7ac-b74f597bb831,70816405-c14b-53cf-9a19-3d25234cff49,Supplier,,,2,suppliers
19f1c551-d50b-5d80-b7ac-b74f597bb831,85e4160c-0b5a-5cbf-9659-8687c2a52794,Supplier,,,2,suppliers
19f1c551-d50b-5d80-b7ac-b74f597bb831,933dc7d7-b47f-57e3-aac2-f95f877b76e9,Supplier,,11.56,2,suppliers
19f1c551-d50b-5d80-b7ac-b74f597bb831,9807a941-7995-5fc9-bc7c-18ce03140adc,Supplier,,,2,suppliers
19f1c551-d50b-5d80-b7ac-b74f597bb831,9c742776-5103-5111-955b-5503a29055ec,Supplier,20.4,5.7,2,suppliers
19f1c551-d50b-5d80-b7ac-b74f597bb831,9d4fcb82-1e25-50b0-9aa4-05f759391a7f,Supplier,,,2,suppliers
19f1c551-d50b-5d80-b7ac-b74f597bb831,a479b718-6184-5767-ba7f-defdea4763f2,Supplier,,,2,suppliers
19f1c551-d50b-5d80-b7ac-b74f597bb831,b88b2a73-2e3d-5705-a8c5-23d7ea381195,Supplier,,,2,suppliers
19f1c551-d50b-5d80-b7ac-b74f597bb831,c189d715-420d-5852-a6f9-5c29a3a330f8,Supplier,,,2,suppliers
19f1c551-d50b-5d80-b7ac-b74f597bb831,c8e2a6c5-3f5b-5bb8-b184-4d1f3b89994b,Supplier,,,2,suppliers
19f1c551-d50b-5d80-b7ac-b74f597bb831,c3a0209f-75b3-51f1-85eb-b5702a5fad01,Supplier,,,2,suppliers
19f1c551-d50b-5d80-b7ac-b74f597bb831,fb687575-6650-57bf-b592-f7bdc87080e9,Supplier,,,2,suppliers
19f1c551-d50b-5d80-b7ac-b74f597bb831,ff4fb684-d5ac-56c6-8acb-3fec03347bf0,Supplier,,,2,suppliers
19f1c551-d50b-5d80-b7ac-b74f597bb831,05e982f5-c54e-58ac-9424-8d8e5f7e08e6,Supplier,,,2,suppliers
19f1c551-d50b-5d80-b7ac-b74f597bb831,03fe5467-ff4c-585e-a021-cb2aa88c3b26,Supplier,,,2,suppliers
19f1c551-d50b-5d80-b7ac-b74f597bb831,1bc9dc46-2681-5318-95e5-413ad2c0f245,Supplier,,,2,suppliers
19f1c551-d50b-5d80-b7ac-b74f597bb831,3a0dc1e8-d8e5-57d4-8490-fb886c9284f7,Supplier,,,2,suppliers
19f1c551-d50b-5d80-b7ac-b74f597bb831,3fa3cfe0-0249-5cc2-8b96-1e4e602bec5e,Supplier,,,2,suppliers
19f1c551-d50b-5d80-b7ac-b74f597bb831,4fc03988-f7d6-5cf8-a875-e2db33f28e8b,Supplier,,,2,suppliers
19f1c551-d50b-5d80-b7ac-b74f597bb831,664fb275-9ed6-5ee0-bea3-9d01fddca4ec,Supplier,,,2,suppliers
19f1c551-d50b-5d80-b7ac-b74f597bb831,78433285-7e41-5ef8-96e4-109e09cadab3,Supplier,,,2,suppliers
19f1c551-d50b-5d80-b7ac-b74f597bb831,c1bfc852-c449-527e-88cd-e746a2a97855,Supplier,,,2,suppliers
19f1c551-d50b-5d80-b7ac-b74f597bb831,c6102f61-77c2-50f1-9aa9-9e2ec216e8e5,Supplier,,,2,suppliers
19f1c551-d50b-5d80-b7ac-b74f597bb831,e5de7df1-48e0-5415-83ec-3a4fbefcfd43,Supplier,,,2,suppliers
19f1c551-d50b-5d80-b7ac-b74f597bb831,ecae8f2c-da60-561e-82ac-2fb1bac67bc7,Supplier,,,2,suppliers
19f1c551-d50b-5d80-b7ac-b74f597bb831,05f40cf4-55a7-59db-857a-34e2497d96ae,Supplier,,,2,suppliers
19f1c551-d50b-5d80-b7ac-b74f597bb831,20f94929-ac13-537c-8ef1-03052a201f45,Supplier,,,2,suppliers
19f1c551-d50b-5d80-b7ac-b74f597bb831,264d0aee-3719-5bce-9981-f5b815d9c894,Supplier,,,2,suppliers
19f1c551-d50b-5d80-b7ac-b74f597bb831,46367284-f086-54df-b988-f436e7f59808,Supplier,,,2,suppliers
19f1c551-d50b-5d80-b7ac-b74f597bb831,4f9ce590-2b25-532d-80e9-b8d64493bdd5,Supplier,,,2,suppliers
19f1c551-d50b-5d80-b7ac-b74f597bb831,59f48a4a-4fb7-551e-8fc7-68551fca5104,Supplier,,,2,suppliers
19f1c551-d50b-5d80-b7ac-b74f597bb831,6092bb47-7b90-5928-ac63-f52bc9029330,Supplier,,13.52,2,suppliers
19f1c551-d50b-5d80-b7ac-b74f597bb831,77f8884a-dc02-58ed-a8a8-189e1bcc095c,Supplier,,,2,suppliers
19f1c551-d50b-5d80-b7ac-b74f597bb831,6eda6862-da9e-5acb-8662-8ec14f50f799,Supplier,,,2,suppliers
19f1c551-d50b-5d80-b7ac-b74f597bb831,8dbd585c-6269-5d46-8414-2987aea9d963,Supplier,,,2,suppliers
19f1c551-d50b-5d80-b7ac-b74f597bb831,8524ad48-5c84-5833-a8f6-8bd03d713dcd,Supplier,,,2,suppliers
19f1c551-d50b-5d80-b7ac-b74f597bb831,9339a7a9-4f00-50e9-8852-7c70374dc40c,Supplier,,,2,suppliers
19f1c551-d50b-5d80-b7ac-b74f597bb831,b07ca7e6-6568-5bb1-8f67-9f472375688f,Supplier,,,2,suppliers
19f1c551-d50b-5d80-b7ac-b74f597bb831,b2456ce1-1fde-5fb5-a594-97d0ac5861a3,Supplier,,,2,suppliers
19f1c551-d50b-5d80-b7ac-b74f597bb831,caa3c9f2-bee8-502f-9a85-5cabe5e81021,Supplier,,,2,suppliers
19f1c551-d50b-5d80-b7ac-b74f597bb831,e4e14775-9bfc-59a3-9da3-a09d47a376b1,Supplier,,,2,suppliers
19f1c551-d50b-5d80-b7ac-b74f597bb831,e5575bb4-e94c-5975-a9e6-7f8f40cf8078,Supplier,,,2,suppliers
19f1c551-d50b-5d80-b7ac-b74f597bb831,e6d84a32-86c7-564b-821b-51e70e1d101b,Supplier,,,2,suppliers
19f1c551-d50b-5d80-b7ac-b74f597bb831,ea98842e-0580-57f4-af71-a043e9d07493,Supplier,,,2,suppliers
19f1c551-d50b-5d80-b7ac-b74f597bb831,fc594c3e-781d-5a7c-a9fc-fb496b788265,Supplier,,,2,suppliers
19f1c551-d50b-5d80-b7ac-b74f597bb831,fb6642fa-1d7a-543e-a050-62c45bea245b,Supplier,,,2,suppliers
19f1c551-d50b-5d80-b7ac-b74f597bb831,018cbdc3-f4b1-5c1e-b657-8b1978753f66,Supplier,11.1,2.5,2,suppliers
19f1c551-d50b-5d80-b7ac-b74f597bb831,07ca74a0-dcff-5b2c-97ea-3b1f7f65249f,Supplier,7.2,0.7,2,suppliers
19f1c551-d50b-5d80-b7ac-b74f597bb831,0891313b-a9cf-592f-80c9-0962e5071beb,Supplier,,,2,suppliers
19f1c551-d50b-5d80-b7ac-b74f597bb831,0ebab8db-4cf2-5d0e-94b8-9159b450510e,Supplier,,,2,suppliers
19f1c551-d50b-5d80-b7ac-b74f597bb831,18895945-32d8-5fe3-9679-dc19a88a4d5b,Supplier,,,2,suppliers
19f1c551-d50b-5d80-b7ac-b74f597bb831,1932bf46-dc5e-53e2-98f0-646fff3fff56,Supplier,,,2,suppliers
19f1c551-d50b-5d80-b7ac-b74f597bb831,1b8934de-b5fa-534b-b4de-ab6da1d68b01,Supplier,,,2,suppliers
19f1c551-d50b-5d80-b7ac-b74f597bb831,3475c034-ea15-5e65-a0d2-0025b4fa3a35,Supplier,,,2,suppliers
19f1c551-d50b-5d80-b7ac-b74f597bb831,4401153c-9e0c-57f7-987a-f46814226578,Supplier,,,2,suppliers
19f1c551-d50b-5d80-b7ac-b74f597bb831,4e5bcdd2-6916-5560-9fe4-a8455fe4a44c,Supplier,,,2,suppliers
19f1c551-d50b-5d80-b7ac-b74f597bb831,536a36a7-d3d1-5ad5-bb3b-d61fa9460f6a,Supplier,,,2,suppliers
19f1c551-d50b-5d80-b7ac-b74f597bb831,616fb2b5-9e63-5119-9735-62253521c023,Supplier,,,2,suppliers
19f1c551-d50b-5d80-b7ac-b74f597bb831,6706f9fd-f138-5faa-aeda-c926030efe2b,Supplier,,,2,suppliers
19f1c551-d50b-5d80-b7ac-b74f597bb831,69942072-1e13-5b7d-a638-910a3e5d45c5,Supplier,,,2,suppliers
19f1c551-d50b-5d80-b7ac-b74f597bb831,6ec1c8f1-ea5a-5072-bc35-1428991c597a,Supplier,,,2,suppliers
19f1c551-d50b-5d80-b7ac-b74f597bb831,8a6ea111-6116-54a9-bd08-b6f5a0a305f0,Supplier,,,2,suppliers
19f1c551-d50b-5d80-b7ac-b74f597bb831,7bab3107-a71a-5263-a625-8716d4503219,Supplier,,,2,suppliers
19f1c551-d50b-5d80-b7ac-b74f597bb831,9b45d3b4-fed6-5813-850c-78d9a0ab7f69,Supplier,,,2,suppliers
19f1c551-d50b-5d80-b7ac-b74f597bb831,b1a92747-bc61-5a9d-93c9-352a503ab3b5,Supplier,,,2,suppliers
19f1c551-d50b-5d80-b7ac-b74f597bb831,b21c1ea3-4da4-5074-aab2-d59b48e67362,Supplier,,,2,suppliers
19f1c551-d50b-5d80-b7ac-b74f597bb831,dc276fca-15ad-53ef-b446-75410405bfac,Supplier,,,2,suppliers
19f1c551-d50b-5d80-b7ac-b74f597bb831,de5b1fe2-d3b1-51ce-8bbf-607a55f4b24d,Supplier,,,2,suppliers
19f1c551-d50b-5d80-b7ac-b74f597bb831,e8cf70b2-aa1e-5db0-a536-705d23eb4397,Supplier,,,2,suppliers
19f1c551-d50b-5d80-b7ac-b74f597bb831,236521ac-a625-5ab9-a61d-9ca9909ee25d,Supplier,,,2,suppliers
19f1c551-d50b-5d80-b7ac-b74f597bb831,2ec440cb-d6ce-59f0-a27d-d44b2183769a,Supplier,,,2,suppliers
19f1c551-d50b-5d80-b7ac-b74f597bb831,1c3ae116-121d-5a72-ac88-bb59dbd83579,Supplier,,,2,suppliers
19f1c551-d50b-5d80-b7ac-b74f597bb831,93be0090-a583-58cc-9f54-4b1f290426ee,Supplier,,,2,suppliers
19f1c551-d50b-5d80-b7ac-b74f597bb831,3eb3e152-7172-58ef-9a44-640edc8ba307,Supplier,,0.32,2,suppliers
19f1c551-d50b-5d80-b7ac-b74f597bb831,33c70f0a-c403-5bf3-8249-6d01825917c4,Supplier,,,2,suppliers
19f1c551-d50b-5d80-b7ac-b74f597bb831,51788abf-ad05-5d80-ba6c-e315ca913127,Supplier,,,2,suppliers
19f1c551-d50b-5d80-b7ac-b74f597bb831,860cf04b-ee66-5a32-98ea-0ba7396857ed,Supplier,,,2,suppliers
19f1c551-d50b-5d80-b7ac-b74f597bb831,960cdffa-bf5b-5d9e-a75d-358cffb7f824,Supplier,,,2,suppliers
19f1c551-d50b-5d80-b7ac-b74f597bb831,039c356b-cbc6-5441-bd2f-21573b9eb364,Supplier,,,2,suppliers
19f1c551-d50b-5d80-b7ac-b74f597bb831,a93544af-9630-528a-b6e1-e2538fbf0664,Supplier,,,2,suppliers
19f1c551-d50b-5d80-b7ac-b74f597bb831,e323c562-ff9b-5e7e-be37-ef6033ef0643,Supplier,,,2,suppliers
19f1c551-d50b-5d80-b7ac-b74f597bb831,e550a031-6682-5ba8-a9ec-2db874ebba9e,Supplier,,,2,suppliers
19f1c551-d50b-5d80-b7ac-b74f597bb831,e7382bce-8398-5824-993f-544130afe691,Supplier,,,2,suppliers
19f1c551-d50b-5d80-b7ac-b74f597bb831,ff85bb3d-ee9a-58b1-ae4a-49e9c124544f,Supplier,,,2,suppliers
19f1c551-d50b-5d80-b7ac-b74f597bb831,115fab24-2519-5b50-9394-c78c4dd073f6,Supplier,,,2,suppliers
19f1c551-d50b-5d80-b7ac-b74f597bb831,12b1b18f-6ac0-5de8-ad3f-bd1a0e7636ff,Supplier,,,2,suppliers
19f1c551-d50b-5d80-b7ac-b74f597bb831,20d78305-db6d-5936-9410-b25d2da364dd,Supplier,,,2,suppliers
19f1c551-d50b-5d80-b7ac-b74f597bb831,3227a14d-acfb-5748-8281-1f1967d3f3f1,Supplier,,,2,suppliers
19f1c551-d50b-5d80-b7ac-b74f597bb831,344f1492-9d21-5bec-bf93-634710d3eff7,Supplier,,,2,suppliers
19f1c551-d50b-5d80-b7ac-b74f597bb831,63db6980-05fa-5d09-a612-d1761239d58e,Supplier,,,2,suppliers
19f1c551-d50b-5d80-b7ac-b74f597bb831,63e3c43a-44b6-59a0-bfdf-438fcaec6446,Supplier,,,2,suppliers
19f1c551-d50b-5d80-b7ac-b74f597bb831,6679752c-4e0d-5aba-881d-282fdf619797,Supplier,,,2,suppliers
19f1c551-d50b-5d80-b7ac-b74f597bb831,9947daf9-6e18-5f17-97d1-6b8e16de7f26,Supplier,,,2,suppliers
19f1c551-d50b-5d80-b7ac-b74f597bb831,a33096b2-866c-506f-9030-bf1eb10e968a,Supplier,,,2,suppliers
19f1c551-d50b-5d80-b7ac-b74f597bb831,b02db7fc-ac51-574b-8375-97ecac9465ad,Supplier,,,2,suppliers
19f1c551-d50b-5d80-b7ac-b74f597bb831,cb08d2d3-04db-50ed-a204-b93c16a55706,Supplier,,,2,suppliers
19f1c551-d50b-5d80-b7ac-b74f597bb831,e387e3db-e404-53e0-a7b4-f6335a2b1090,Supplier,,,2,suppliers
19f1c551-d50b-5d80-b7ac-b74f597bb831,f9e41880-eae3-580b-8dd7-c882ba101f2b,Supplier,,,2,suppliers
1a5fabf9-8af6-5992-8017-0b8a8e514e4c,0cb5548c-a938-5e34-8573-07e633d670e7,Supplier,,,2,suppliers
1a5fabf9-8af6-5992-8017-0b8a8e514e4c,f06b0eeb-bc89-54cd-8bf8-26bee10f3aac,Supplier,,,2,suppliers
1a5fabf9-8af6-5992-8017-0b8a8e514e4c,5691e4e4-0667-5690-a7f7-3af88ff244bd,Supplier,,,2,suppliers
1a5fabf9-8af6-5992-8017-0b8a8e514e4c,324987fd-5ccc-527d-b6cf-65f0622d3510,Supplier,,,2,suppliers
1d272dff-84dc-5bf2-9c21-e656b0979227,4ba2654a-6b21-5f1a-baf0-afd05fb6cab7,Supplier,,,2,suppliers
1d272dff-84dc-5bf2-9c21-e656b0979227,5b2818cf-0015-5e04-b84e-6707ca8df6cf,Supplier,,,2,suppliers
1d272dff-84dc-5bf2-9c21-e656b0979227,7d1b6eff-84ba-56d0-82e4-0cfd6fde65a2,Supplier,,,2,suppliers
1d272dff-84dc-5bf2-9c21-e656b0979227,a2ea37a0-4f4a-5dd0-bb06-c7958d8d172b,Supplier,,,2,suppliers
1d272dff-84dc-5bf2-9c21-e656b0979227,d60a9a70-7668-5142-801c-7e429a132873,Supplier,,,2,suppliers
1d272dff-84dc-5bf2-9c21-e656b0979227,0987ff98-990d-58b4-9352-6a305b47da68,Supplier,,,2,suppliers
1d272dff-84dc-5bf2-9c21-e656b0979227,312948eb-e74a-5854-80de-b229058e1925,Supplier,,,2,suppliers
1d272dff-84dc-5bf2-9c21-e656b0979227,b8a3f9d5-c3a7-520e-a2cd-e99465eb127d,Supplier,,,2,suppliers
1d272dff-84dc-5bf2-9c21-e656b0979227,c3ceb5d6-5c3f-5a2b-9701-80672cb15e4e,Supplier,,,2,suppliers
1d272dff-84dc-5bf2-9c21-e656b0979227,caf9cfe3-e1e1-51ae-b677-5314a7867f81,Supplier,,,2,suppliers
34937a45-b3d7-5513-9767-4f399d14d89d,b46194b3-f355-5164-914d-02f54b47182b,Supplier,,,2,suppliers
34937a45-b3d7-5513-9767-4f399d14d89d,5cc2ac86-f67f-5658-b6e7-f5d360c5f670,Supplier,,,2,suppliers
34937a45-b3d7-5513-9767-4f399d14d89d,257f130b-de2d-57a0-9a57-b6799cab5d75,Supplier,,,2,suppliers
356e9662-e0de-58a3-8b90-23d96dcc5cfd,bb572d50-047e-5dbf-ad4d-0706f9a2e811,Supplier,74.2,36.58,2,suppliers
356e9662-e0de-58a3-8b90-23d96dcc5cfd,d03c9ceb-e18d-5b17-b7dd-54f8396f5fae,Supplier,,,2,suppliers
356e9662-e0de-58a3-8b90-23d96dcc5cfd,106ff51c-90c1-5304-98ca-42ecfddb1939,Supplier,,,2,suppliers
356e9662-e0de-58a3-8b90-23d96dcc5cfd,4297a5a1-7f9d-5832-9fa6-b04c7b661608,Supplier,,,2,suppliers
356e9662-e0de-58a3-8b90-23d96dcc5cfd,464ea8f7-a2cf-585f-94e0-919e4bf49864,Supplier,,,2,suppliers
356e9662-e0de-58a3-8b90-23d96dcc5cfd,65596111-0499-5f01-bfb8-6f41a5f83e3d,Supplier,,,2,suppliers
356e9662-e0de-58a3-8b90-23d96dcc5cfd,8ecb12b6-69ff-5351-9f56-cbdec215b19b,Supplier,,,2,suppliers
356e9662-e0de-58a3-8b90-23d96dcc5cfd,57d89896-0af2-5416-89ba-8103bfac55e1,Supplier,,,2,suppliers
356e9662-e0de-58a3-8b90-23d96dcc5cfd,b582caa1-65bf-54b6-8dce-93f3e2cff3be,Supplier,,,2,suppliers
356e9662-e0de-58a3-8b90-23d96dcc5cfd,9d03a489-0f00-5540-99a2-022c2b85fbac,Supplier,,,2,suppliers
42df3e5e-75cd-52d2-a281-9d71a11dfcd2,56e75848-0f93-54af-bbdd-b4e1ca7c6e23,Supplier,,,2,suppliers
42df3e5e-75cd-52d2-a281-9d71a11dfcd2,840c6cae-4c88-5d5b-91fc-a654072e57e0,Supplier,,,2,suppliers
42df3e5e-75cd-52d2-a281-9d71a11dfcd2,a5cee93c-9679-59af-adc8-fc1fcb470290,Supplier,,,2,suppliers
42df3e5e-75cd-52d2-a281-9d71a11dfcd2,c4f7188f-35bb-5508-80e5-1f231d80d4bc,Supplier,,,2,suppliers
42df3e5e-75cd-52d2-a281-9d71a11dfcd2,9b2a1159-6f4b-56ab-a1ad-2bedb4784f15,Supplier,,,2,suppliers
42df3e5e-75cd-52d2-a281-9d71a11dfcd2,2d517fca-a9d4-5888-a042-721e15dd607d,Supplier,,,2,suppliers
42df3e5e-75cd-52d2-a281-9d71a11dfcd2,35c2376f-44c6-57ea-bdd8-135fa289f337,Supplier,,,2,suppliers
42df3e5e-75cd-52d2-a281-9d71a11dfcd2,8ed1e43a-c128-5af5-8575-10d6de82dd53,Supplier,,,2,suppliers
42df3e5e-75cd-52d2-a281-9d71a11dfcd2,b0dba669-de80-5bff-a87e-3bcf608bd65d,Supplier,,,2,suppliers
42df3e5e-75cd-52d2-a281-9d71a11dfcd2,3822efa0-4f80-5a81-a742-cfda02fcab4e,Supplier,,,2,suppliers
42df3e5e-75cd-52d2-a281-9d71a11dfcd2,324987fd-5ccc-527d-b6cf-65f0622d3510,Supplier,,,2,suppliers
42df3e5e-75cd-52d2-a281-9d71a11dfcd2,ddf38a5b-bfe8-5d2b-9997-c02165b42fc5,Supplier,,,2,suppliers
44ca9034-7354-5d0b-9e65-64e8200eb4a9,8c13af6a-dea6-5b1a-a324-2bba1fd79605,Supplier,,,2,suppliers
47338927-3567-5b75-bebf-b714246c51b1,85036a3a-4044-563c-ab5f-be0861894122,Supplier,,,2,suppliers
47338927-3567-5b75-bebf-b714246c51b1,a13e321d-5d97-582d-ba47-149f5db8aa0a,Supplier,,,2,suppliers
47338927-3567-5b75-bebf-b714246c51b1,a35ccb02-efb8-5e46-9d27-1d5e628b46f1,Supplier,,1.1,2,suppliers
47338927-3567-5b75-bebf-b714246c51b1,b7be45fa-caa8-5baa-a166-d745cfc6ce2e,Supplier,,,2,suppliers
47338927-3567-5b75-bebf-b714246c51b1,c45e0bed-eb6d-5ec5-b5aa-fc63c30100a6,Supplier,,,2,suppliers
47338927-3567-5b75-bebf-b714246c51b1,dd9c95d7-2af5-549a-a418-b3fc0150405d,Supplier,,,2,suppliers
47338927-3567-5b75-bebf-b714246c51b1,9afcd1fe-08c3-5496-9797-77eaebe036b0,Supplier,,,2,suppliers
47338927-3567-5b75-bebf-b714246c51b1,c9b911d0-eeec-5e8f-b83e-1a5780dc7527,Supplier,,,2,suppliers
47338927-3567-5b75-bebf-b714246c51b1,e74a0f45-f487-5dc9-b52e-d9ffd8312003,Supplier,,,2,suppliers
47338927-3567-5b75-bebf-b714246c51b1,464ea8f7-a2cf-585f-94e0-919e4bf49864,Supplier,,,2,suppliers
47338927-3567-5b75-bebf-b714246c51b1,25547c90-f041-5110-ae35-f266a738c5a3,Supplier,59.6,28.0,2,suppliers
47338927-3567-5b75-bebf-b714246c51b1,874a8377-1d19-58b1-aa4a-0e86149d6326,Supplier,,,2,suppliers
47338927-3567-5b75-bebf-b714246c51b1,4d4f13fe-2d55-589f-a517-c76f28008b16,Supplier,,,2,suppliers
47338927-3567-5b75-bebf-b714246c51b1,91885a9b-6185-5711-9d2a-b6799dde8f5f,Supplier,,,2,suppliers
47338927-3567-5b75-bebf-b714246c51b1,8f83f111-f086-554b-87be-2ea881d246ae,Supplier,,,2,suppliers
47338927-3567-5b75-bebf-b714246c51b1,b5c457c7-afce-57fb-b975-ecd0359b0e79,Supplier,,,2,suppliers
47338927-3567-5b75-bebf-b714246c51b1,e06efce3-ff3f-550e-b1e8-28aa1b49ff70,Supplier,,,2,suppliers
47338927-3567-5b75-bebf-b714246c51b1,1024f79d-065d-5406-a856-9d496b7e61f7,Supplier,,,2,suppliers
47338927-3567-5b75-bebf-b714246c51b1,a21b9e59-9935-5758-9a8f-9eef7fa33627,Supplier,,,2,suppliers
47338927-3567-5b75-bebf-b714246c51b1,b44b99a9-6acc-51d1-8764-c7bdac9fa766,Supplier,,,2,suppliers
47338927-3567-5b75-bebf-b714246c51b1,ba5a6801-925d-5db6-b75a-ef65774eda52,Supplier,8.6,14.0,2,suppliers
47338927-3567-5b75-bebf-b714246c51b1,ce46d7a3-83f8-500a-b3ca-5b10e2929f9a,Supplier,,,2,suppliers
47338927-3567-5b75-bebf-b714246c51b1,35882b86-1131-5885-9cfb-98b354faecfb,Supplier,,,2,suppliers
47338927-3567-5b75-bebf-b714246c51b1,1e4ed52f-1bbc-5abb-9062-3385d1a36212,Supplier,,,2,suppliers
47338927-3567-5b75-bebf-b714246c51b1,6cb5511f-7100-58d9-ad77-dbd767d932ec,Supplier,,,2,suppliers
47338927-3567-5b75-bebf-b714246c51b1,16bd27a8-870e-5d5a-bb01-fa7a3414c3d6,Supplier,,,2,suppliers
47338927-3567-5b75-bebf-b714246c51b1,529bbabd-c8f0-5984-b39b-964c417aafa0,Supplier,,,2,suppliers
47338927-3567-5b75-bebf-b714246c51b1,954b7a54-69bd-5f40-b695-3f8e354b01ee,Supplier,,,2,suppliers
47338927-3567-5b75-bebf-b714246c51b1,9634f31e-87d0-5cc5-a422-288ab434fc63,Supplier,,,2,suppliers
47338927-3567-5b75-bebf-b714246c51b1,ba0b0988-0121-56e0-a907-0ebb03641ae5,Supplier,,,2,suppliers
47338927-3567-5b75-bebf-b714246c51b1,04e2c173-9aee-5901-b6c8-ffe11965733f,Supplier,,,2,suppliers
47338927-3567-5b75-bebf-b714246c51b1,9234b953-5ba5-5918-b147-d692e757e073,Supplier,,,2,suppliers
47338927-3567-5b75-bebf-b714246c51b1,55516fce-8137-51fa-a5b5-32427c4f1e72,Supplier,,,2,suppliers
47338927-3567-5b75-bebf-b714246c51b1,3822efa0-4f80-5a81-a742-cfda02fcab4e,Supplier,,,2,suppliers
47338927-3567-5b75-bebf-b714246c51b1,1d001ad8-b8e0-5886-b680-c239ae1a82f0,Supplier,,,2,suppliers
47338927-3567-5b75-bebf-b714246c51b1,9d6206c7-77bd-561a-abec-e276c22c7fac,Supplier,,,2,suppliers
47338927-3567-5b75-bebf-b714246c51b1,ab2ee451-55a1-595a-9573-d7ec414c1468,Supplier,,,2,suppliers
47338927-3567-5b75-bebf-b714246c51b1,b1bd056f-8a8d-5d77-ba7f-30d2ec2dc9b2,Supplier,,,2,suppliers
47338927-3567-5b75-bebf-b714246c51b1,ee18d673-90c3-5734-8e90-a74220efed63,Supplier,,,2,suppliers
47338927-3567-5b75-bebf-b714246c51b1,c1828f89-403d-5a9f-897a-e3d4e223b8d7,Supplier,,,2,suppliers
47338927-3567-5b75-bebf-b714246c51b1,03dd84bd-ccbd-5789-b4ac-c0d4a3246c71,Supplier,,,2,suppliers
47338927-3567-5b75-bebf-b714246c51b1,0657d458-42ef-51b6-b35f-4aeb6e22d9ef,Supplier,,,2,suppliers
47338927-3567-5b75-bebf-b714246c51b1,1031ce10-c65d-5970-b801-2a1a1e0a248d,Supplier,,,2,suppliers
47338927-3567-5b75-bebf-b714246c51b1,121ce252-8ad5-5056-8cc3-2e57c85c912e,Supplier,,,2,suppliers
47338927-3567-5b75-bebf-b714246c51b1,7257c012-9f23-5d6a-86a5-aea2f0ed251a,Supplier,,,2,suppliers
47338927-3567-5b75-bebf-b714246c51b1,1e15f721-3845-5549-a475-c6d96d93807b,Supplier,,,2,suppliers
47338927-3567-5b75-bebf-b714246c51b1,c43bc361-0e20-5486-9e02-7e416272e32b,Supplier,,,2,suppliers
47338927-3567-5b75-bebf-b714246c51b1,d607e7fe-e8ef-51ad-86a5-8f9a2f1abdb2,Supplier,,,2,suppliers
4d4f13fe-2d55-589f-a517-c76f28008b16,435fb5cc-4fc4-5113-8232-16f76970997d,Supplier,,,2,suppliers
53e5d1fa-abd2-5463-8f6f-7333364dcce7,fa205d59-282e-537e-aacb-2c34af79fc07,Supplier,,,2,suppliers
53e5d1fa-abd2-5463-8f6f-7333364dcce7,a2ea37a0-4f4a-5dd0-bb06-c7958d8d172b,Supplier,,,2,suppliers
53e5d1fa-abd2-5463-8f6f-7333364dcce7,63e3c43a-44b6-59a0-bfdf-438fcaec6446,Supplier,,,2,suppliers
553b5f88-607a-5af7-aee9-9c9a1a840d6f,373900aa-1a17-5ee4-87ca-0ed039d46fbf,Supplier,,,2,suppliers
553b5f88-607a-5af7-aee9-9c9a1a840d6f,3ffbe759-274a-596d-8858-e793a715c69a,Supplier,,,2,suppliers
553b5f88-607a-5af7-aee9-9c9a1a840d6f,435fb5cc-4fc4-5113-8232-16f76970997d,Supplier,,,2,suppliers
553b5f88-607a-5af7-aee9-9c9a1a840d6f,5b6f2c64-720d-5416-bf84-d137ebcf8092,Supplier,,,2,suppliers
553b5f88-607a-5af7-aee9-9c9a1a840d6f,63246aad-6ddb-5b64-acaf-e1724bc7695c,Supplier,,,2,suppliers
553b5f88-607a-5af7-aee9-9c9a1a840d6f,73c01792-38b7-5c2d-9fa7-9371fde602cf,Supplier,,,2,suppliers
553b5f88-607a-5af7-aee9-9c9a1a840d6f,a5cee93c-9679-59af-adc8-fc1fcb470290,Supplier,,,2,suppliers
553b5f88-607a-5af7-aee9-9c9a1a840d6f,a73dbce4-d5cd-512b-bd2f-67124f4739e4,Supplier,,,2,suppliers
553b5f88-607a-5af7-aee9-9c9a1a840d6f,d5a7a661-bc43-5bdb-bca2-5bfec77f9035,Supplier,,,2,suppliers
553b5f88-607a-5af7-aee9-9c9a1a840d6f,04fa132b-c401-59ad-a52d-ddf64b23d24e,Supplier,,,2,suppliers
553b5f88-607a-5af7-aee9-9c9a1a840d6f,2e385727-4642-5318-811a-7be3a5ee4430,Supplier,,,2,suppliers
553b5f88-607a-5af7-aee9-9c9a1a840d6f,72155e73-139b-5e21-a232-52eacda1b622,Supplier,,,2,suppliers
553b5f88-607a-5af7-aee9-9c9a1a840d6f,d03c9ceb-e18d-5b17-b7dd-54f8396f5fae,Supplier,,,2,suppliers
553b5f88-607a-5af7-aee9-9c9a1a840d6f,e26e46fe-75cc-5609-af2a-f7a05f5aac7f,Supplier,,,2,suppliers
553b5f88-607a-5af7-aee9-9c9a1a840d6f,6c638ce3-9b52-560c-a757-35288dd3f8a2,Supplier,,,2,suppliers
553b5f88-607a-5af7-aee9-9c9a1a840d6f,3d0da822-6bb6-5083-81eb-40dc3f5afe09,Supplier,,,2,suppliers
553b5f88-607a-5af7-aee9-9c9a1a840d6f,9b2a1159-6f4b-56ab-a1ad-2bedb4784f15,Supplier,,,2,suppliers
553b5f88-607a-5af7-aee9-9c9a1a840d6f,af14b86e-8eb3-57e5-8daf-ac13c81af0a4,Supplier,,,2,suppliers
553b5f88-607a-5af7-aee9-9c9a1a840d6f,874a8377-1d19-58b1-aa4a-0e86149d6326,Supplier,,,2,suppliers
553b5f88-607a-5af7-aee9-9c9a1a840d6f,0cb5548c-a938-5e34-8573-07e633d670e7,Supplier,,,2,suppliers
553b5f88-607a-5af7-aee9-9c9a1a840d6f,98640200-9418-5d83-a0b9-5ff4b76e6ee0,Supplier,,,2,suppliers
553b5f88-607a-5af7-aee9-9c9a1a840d6f,b011adaa-9c50-5f1e-9715-940b3e31ffa3,Supplier,,,2,suppliers
553b5f88-607a-5af7-aee9-9c9a1a840d6f,bc019251-b15c-537f-9b2b-d28cb4ef419a,Supplier,,,2,suppliers
553b5f88-607a-5af7-aee9-9c9a1a840d6f,312948eb-e74a-5854-80de-b229058e1925,Supplier,,,2,suppliers
553b5f88-607a-5af7-aee9-9c9a1a840d6f,38c36da4-4167-5143-a5da-d4845f868dc1,Supplier,,,2,suppliers
553b5f88-607a-5af7-aee9-9c9a1a840d6f,4f5ffddd-d486-5e17-af4d-9af33c56f2af,Supplier,,,2,suppliers
553b5f88-607a-5af7-aee9-9c9a1a840d6f,6303544a-3a6e-5ef7-beb7-697dd4b1b3c6,Supplier,,,2,suppliers
553b5f88-607a-5af7-aee9-9c9a1a840d6f,6baf4327-f17c-53bc-9272-dcf925753922,Supplier,,,2,suppliers
553b5f88-607a-5af7-aee9-9c9a1a840d6f,74e72dda-8f2f-5f88-b970-0c7cd1acdf3c,Supplier,,,2,suppliers
553b5f88-607a-5af7-aee9-9c9a1a840d6f,8ed1e43a-c128-5af5-8575-10d6de82dd53,Supplier,,,2,suppliers
553b5f88-607a-5af7-aee9-9c9a1a840d6f,91ec0bf8-eb59-5b3d-abca-f4d1a20d274b,Supplier,,,2,suppliers
553b5f88-607a-5af7-aee9-9c9a1a840d6f,90349e5c-43f0-560e-90a6-e86c481aa4e5,Supplier,,,2,suppliers
553b5f88-607a-5af7-aee9-9c9a1a840d6f,0033a13d-c95e-58b9-9eae-1669f8611205,Supplier,,,2,suppliers
553b5f88-607a-5af7-aee9-9c9a1a840d6f,0ed28c56-6065-5297-b6a2-333c1dc0b96b,Supplier,,,2,suppliers
553b5f88-607a-5af7-aee9-9c9a1a840d6f,34cdd296-7744-586b-9882-0f6cb0ed7cc7,Supplier,,,2,suppliers
553b5f88-607a-5af7-aee9-9c9a1a840d6f,6684ad19-908c-53a6-9884-0b0c9bbbc1a2,Supplier,,,2,suppliers
553b5f88-607a-5af7-aee9-9c9a1a840d6f,954b7a54-69bd-5f40-b695-3f8e354b01ee,Supplier,,,2,suppliers
553b5f88-607a-5af7-aee9-9c9a1a840d6f,ba0b0988-0121-56e0-a907-0ebb03641ae5,Supplier,,,2,suppliers
553b5f88-607a-5af7-aee9-9c9a1a840d6f,cd481cdc-b619-5f13-8a06-19339fb44f42,Supplier,,,2,suppliers
553b5f88-607a-5af7-aee9-9c9a1a840d6f,e92a62df-b0a6-5f50-a52d-01eeb58fd04d,Supplier,,,2,suppliers
553b5f88-607a-5af7-aee9-9c9a1a840d6f,faf92b9e-c384-5d17-9d07-fbc3c1c725bc,Supplier,,,2,suppliers
553b5f88-607a-5af7-aee9-9c9a1a840d6f,5302436c-d2bc-55e5-a63f-d10da0da880f,Supplier,,,2,suppliers
553b5f88-607a-5af7-aee9-9c9a1a840d6f,6664b2a6-f5c4-5d37-8cdc-e785fc58b036,Supplier,,,2,suppliers
553b5f88-607a-5af7-aee9-9c9a1a840d6f,86244f93-8252-5809-95fe-d3dfab233b11,Supplier,,,2,suppliers
553b5f88-607a-5af7-aee9-9c9a1a840d6f,c1828f89-403d-5a9f-897a-e3d4e223b8d7,Supplier,,,2,suppliers
553b5f88-607a-5af7-aee9-9c9a1a840d6f,d0322e59-512c-53c3-b9d7-3bd97b890409,Supplier,,,2,suppliers
553b5f88-607a-5af7-aee9-9c9a1a840d6f,e15477a3-8145-59e0-9990-84007e103af3,Supplier,,,2,suppliers
553b5f88-607a-5af7-aee9-9c9a1a840d6f,e49fdb90-cc25-536a-8d14-bdf602e0dc33,Supplier,,,2,suppliers
553b5f88-607a-5af7-aee9-9c9a1a840d6f,ec10d144-2749-5d99-bf23-412b32e7fb12,Supplier,,,2,suppliers
553b5f88-607a-5af7-aee9-9c9a1a840d6f,324987fd-5ccc-527d-b6cf-65f0622d3510,Supplier,,,2,suppliers
553b5f88-607a-5af7-aee9-9c9a1a840d6f,c2d97e8f-b1a3-5eaf-ac0f-f0e0a88ef25c,Supplier,,,2,suppliers
553b5f88-607a-5af7-aee9-9c9a1a840d6f,abf35082-270c-5e48-aa3e-c38a25508347,Supplier,,,2,suppliers
553b5f88-607a-5af7-aee9-9c9a1a840d6f,c7ecf94e-876f-5353-bc2b-64f8d219f45f,Supplier,,,2,suppliers
553b5f88-607a-5af7-aee9-9c9a1a840d6f,6ea5ca14-fd5e-5820-bffe-2148eed75715,Supplier,,,2,suppliers
553b5f88-607a-5af7-aee9-9c9a1a840d6f,56008b67-18ca-5a82-acc0-0f513e583070,Supplier,,,2,suppliers
553b5f88-607a-5af7-aee9-9c9a1a840d6f,cc073ee2-56c4-562a-9459-c55fe1174c05,Supplier,,,2,suppliers
59b50389-b4bb-52eb-af3a-757d80f9f061,cc28d86a-9708-5ba7-a09d-c6d2e2b8ca07,Supplier,,,2,suppliers
59b50389-b4bb-52eb-af3a-757d80f9f061,3e4a887a-9ed3-539e-9ed8-0abc3ee8dc3c,Supplier,,,2,suppliers
59b50389-b4bb-52eb-af3a-757d80f9f061,45e7aa2c-c37e-55f4-9766-3df0ae9fb87a,Supplier,,,2,suppliers
59b50389-b4bb-52eb-af3a-757d80f9f061,eb31cb9d-52e8-5e0e-8d88-9a5d9e30402a,Supplier,,,2,suppliers
59b50389-b4bb-52eb-af3a-757d80f9f061,2d6b1299-dca8-5748-8b47-67bd0b310ed6,Supplier,,,2,suppliers
59b50389-b4bb-52eb-af3a-757d80f9f061,90996efd-bfbd-59c2-bf3d-7312349e1842,Supplier,,,2,suppliers
59b50389-b4bb-52eb-af3a-757d80f9f061,ebd82c1b-a6cb-542e-9cfd-30064725db29,Supplier,,,2,suppliers
59b50389-b4bb-52eb-af3a-757d80f9f061,73895707-9961-5c16-88a7-c0acb5b46604,Supplier,,,2,suppliers
59b50389-b4bb-52eb-af3a-757d80f9f061,63beb9d8-18e8-5c74-9558-ed54e0f9d9ae,Supplier,,,2,suppliers
59b50389-b4bb-52eb-af3a-757d80f9f061,649de54d-ac36-5390-972f-737549f5867c,Supplier,,,2,suppliers
59b50389-b4bb-52eb-af3a-757d80f9f061,9e164b5f-980b-58a0-ad6e-39862c56153a,Supplier,,,2,suppliers
59b50389-b4bb-52eb-af3a-757d80f9f061,038e0893-98f2-537a-bc10-543d9366a52e,Supplier,,,2,suppliers
59b50389-b4bb-52eb-af3a-757d80f9f061,470caecf-0e17-560a-b6e2-778c8c5d5c9c,Supplier,,,2,suppliers
59b50389-b4bb-52eb-af3a-757d80f9f061,9bcba0cf-268a-5b7e-ab61-9c1970d94f46,Supplier,,,2,suppliers
59b50389-b4bb-52eb-af3a-757d80f9f061,025efbd8-0542-5086-8375-876ba3fcb27a,Supplier,,,2,suppliers
59b50389-b4bb-52eb-af3a-757d80f9f061,34a90992-d0ae-5206-aed8-1f936014a093,Supplier,,,2,suppliers
59b50389-b4bb-52eb-af3a-757d80f9f061,48332bda-02b0-5866-aa4b-7a5d5f5185c2,Supplier,,,2,suppliers
59b50389-b4bb-52eb-af3a-757d80f9f061,84dd956e-0172-51de-b08b-ab9182b6fbcc,Supplier,,,2,suppliers
59b50389-b4bb-52eb-af3a-757d80f9f061,4bc36368-a524-594e-9f3c-91e560e400d3,Supplier,,,2,suppliers
59b50389-b4bb-52eb-af3a-757d80f9f061,866fa55e-0712-5a8f-811e-5c40a46f6e1e,Supplier,,,2,suppliers
59b50389-b4bb-52eb-af3a-757d80f9f061,749944e2-e756-5683-8a01-bf3e0d41fe07,Supplier,,,2,suppliers
59b50389-b4bb-52eb-af3a-757d80f9f061,f06eba5d-d32b-56a5-9144-6cefb665e593,Supplier,,,2,suppliers
59b50389-b4bb-52eb-af3a-757d80f9f061,ca1ebf19-525c-5db3-8524-09224aefa9db,Supplier,,,2,suppliers
59b50389-b4bb-52eb-af3a-757d80f9f061,e8f78cfd-d42c-5603-9d53-f78819f2cb70,Supplier,,,2,suppliers
59b50389-b4bb-52eb-af3a-757d80f9f061,fe925bc6-c613-5648-a576-ca5592db2d94,Supplier,,,2,suppliers
6131a210-f184-5fcd-b775-b554fc46b145,a6552c54-688d-59bb-a564-5a3bd33bfa76,Supplier,,,2,suppliers
765b8a4d-7285-5e3c-87ce-9dea0ce0b455,10797bd1-6983-5587-b20e-80174a93501c,Supplier,,0.04,2,suppliers
78c17a61-6559-507c-8e29-fd5f79577119,2d6b1299-dca8-5748-8b47-67bd0b310ed6,Supplier,,,2,suppliers
78c17a61-6559-507c-8e29-fd5f79577119,a73dbce4-d5cd-512b-bd2f-67124f4739e4,Supplier,,,2,suppliers
7eb40861-55f5-5f65-acbd-1c40c25db58f,88766e18-e3ef-5a6d-81b6-2d49ec142624,Supplier,,0.76,2,suppliers
7eb40861-55f5-5f65-acbd-1c40c25db58f,4b5f8baf-d6d3-5c4c-a184-d90afdedf142,Supplier,,,2,suppliers
7eb40861-55f5-5f65-acbd-1c40c25db58f,068b0117-a738-523d-b0c8-bddf32624beb,Supplier,,,2,suppliers
7eb40861-55f5-5f65-acbd-1c40c25db58f,c1a2037d-3aba-5804-8e00-76cc7483a80c,Supplier,,1.93,2,suppliers
7eb40861-55f5-5f65-acbd-1c40c25db58f,5902c364-aa12-57a2-88b2-aff2cafda7ac,Supplier,,,2,suppliers
7eb40861-55f5-5f65-acbd-1c40c25db58f,7581d2ea-77ee-5670-a6ca-a1510f96d545,Supplier,,,2,suppliers
7eb40861-55f5-5f65-acbd-1c40c25db58f,0e6ec3e6-d56a-57fc-be4d-6c91cbdaa27f,Supplier,,,2,suppliers
7eb40861-55f5-5f65-acbd-1c40c25db58f,434e02fd-899d-5794-bb9b-b376cebd23b2,Supplier,,,2,suppliers
7eb40861-55f5-5f65-acbd-1c40c25db58f,ce7c08c0-618b-57af-be2f-cb5ab8b382e7,Supplier,,,2,suppliers
7eb40861-55f5-5f65-acbd-1c40c25db58f,e0cc54f7-a4c5-5a5c-b4a3-9293895e7d93,Supplier,,,2,suppliers
7eb40861-55f5-5f65-acbd-1c40c25db58f,59b50389-b4bb-52eb-af3a-757d80f9f061,Supplier,,,2,suppliers
7eb40861-55f5-5f65-acbd-1c40c25db58f,94eeec26-0249-542e-be80-f7d30c2ad2f6,Supplier,,,2,suppliers
7eb40861-55f5-5f65-acbd-1c40c25db58f,07909485-bf62-5d5e-a802-472d7890146e,Supplier,,,2,suppliers
7eb40861-55f5-5f65-acbd-1c40c25db58f,24548b25-5ff7-5113-b387-877301f0a1a6,Supplier,,11.0,2,suppliers
7eb40861-55f5-5f65-acbd-1c40c25db58f,979392c3-99b1-5b0e-902f-f81d3d411309,Supplier,,,2,suppliers
7eb40861-55f5-5f65-acbd-1c40c25db58f,b6106a2d-0211-5f51-9599-7478f73eebd6,Supplier,,,2,suppliers
7eb40861-55f5-5f65-acbd-1c40c25db58f,2610a88a-02d9-542c-82f3-b6eca263e774,Supplier,,,2,suppliers
7eb40861-55f5-5f65-acbd-1c40c25db58f,994d098c-7b3b-5269-85ae-135425717691,Supplier,,,2,suppliers
7eb40861-55f5-5f65-acbd-1c40c25db58f,efb860c0-476c-572a-a4b0-fce2810fc6b9,Supplier,,,2,suppliers
8240d264-1e8f-5ee5-946b-056ddeb7b939,6cacfcce-55ca-5c52-b68a-cd945a0d19ad,Supplier,,,2,suppliers
8240d264-1e8f-5ee5-946b-056ddeb7b939,e6539a0f-04ef-5e1e-b42a-78ea110bc722,Supplier,,,2,suppliers
8240d264-1e8f-5ee5-946b-056ddeb7b939,e073211c-215a-5fe7-b6b1-519167297a42,Supplier,,,2,suppliers
8240d264-1e8f-5ee5-946b-056ddeb7b939,258cc2a6-5e0a-5669-b464-3cb55d2ec1c1,Supplier,,,2,suppliers
8240d264-1e8f-5ee5-946b-056ddeb7b939,0a71fc16-0397-54c2-83e2-5b1ca3b6a4be,Supplier,,,2,suppliers
8240d264-1e8f-5ee5-946b-056ddeb7b939,50d61a96-bde9-50d7-95f5-4e8d02349b70,Supplier,,,2,suppliers
8240d264-1e8f-5ee5-946b-056ddeb7b939,0d2c7d91-12ca-5a20-931f-3227e846c7fd,Supplier,,,2,suppliers
8240d264-1e8f-5ee5-946b-056ddeb7b939,a84f924f-029a-504f-8c50-97339daa24e5,Supplier,,,2,suppliers
83acbe2f-18f1-5d96-b6f0-ae985ab6da5f,333701de-f797-5d38-ac97-d2c1fc73ceeb,Supplier,,,2,suppliers
83acbe2f-18f1-5d96-b6f0-ae985ab6da5f,a7c3c5c1-237f-5e02-b7f9-362dbbc99a33,Supplier,,,2,suppliers
88925dcb-631d-5f03-8e49-b4a8ff86959d,aed69b5d-4947-5535-9bb5-f75694387530,Supplier,,,2,suppliers
88925dcb-631d-5f03-8e49-b4a8ff86959d,047159ff-5c81-592f-9263-a74f301620bd,Supplier,,,2,suppliers
8c6c6e46-dc43-5f45-971b-d707101448be,cd71cf62-8119-5848-b40b-39c7ab59f4a5,Supplier,,,2,suppliers
8c6c6e46-dc43-5f45-971b-d707101448be,8d6862ba-23d3-5d86-86d4-378e336c454c,Supplier,,,2,suppliers
91b8a1f5-cf78-54b4-b4a6-3e0897d7a719,0235c66b-05cf-59b1-8483-3ef5c5eb7a7f,Supplier,,,2,suppliers
950d1ccf-0f37-599a-9c19-3d3bf63260d1,435fb5cc-4fc4-5113-8232-16f76970997d,Supplier,,,2,suppliers
950d1ccf-0f37-599a-9c19-3d3bf63260d1,be94113c-940b-5f58-a97c-406ba63c0c07,Supplier,,,2,suppliers
9a6a9536-bd2d-570a-bafb-9d1bcec86cd0,99d9ef37-5418-5870-b1b4-ed8678605c30,Supplier,,,2,suppliers
9fe62878-496d-5874-8dfe-344a344ba0ec,3506e272-f2c2-53c2-8756-1b504d3ce41b,Supplier,,,2,suppliers
9fe62878-496d-5874-8dfe-344a344ba0ec,a6d0c168-f503-5e6b-869b-28baa1b2eb7c,Supplier,,,2,suppliers
9fe62878-496d-5874-8dfe-344a344ba0ec,21df57ea-39ba-529e-a60a-ac0bfb37aaab,Supplier,,,2,suppliers
a323f47f-7a85-55b8-b2f6-cd5d8bd8b012,d05128cd-98be-5553-8d01-458e13b7c07a,Supplier,,,2,suppliers
a323f47f-7a85-55b8-b2f6-cd5d8bd8b012,000b4334-30a5-5db0-aa23-c22c9af4f2c4,Supplier,,,2,suppliers
a4d66718-26cb-584e-8f36-714b18633a5d,85036a3a-4044-563c-ab5f-be0861894122,Supplier,,,2,suppliers
a4d66718-26cb-584e-8f36-714b18633a5d,ec346281-2ce7-584a-84a9-32038e64e7db,Supplier,,,2,suppliers
a4d66718-26cb-584e-8f36-714b18633a5d,a5cee93c-9679-59af-adc8-fc1fcb470290,Supplier,,,2,suppliers
a4d66718-26cb-584e-8f36-714b18633a5d,5229c368-0188-59b1-a354-6d4e195bc25e,Supplier,,,2,suppliers
a4d66718-26cb-584e-8f36-714b18633a5d,874a8377-1d19-58b1-aa4a-0e86149d6326,Supplier,,,2,suppliers
a4d66718-26cb-584e-8f36-714b18633a5d,9b2a1159-6f4b-56ab-a1ad-2bedb4784f15,Supplier,,,2,suppliers
a4d66718-26cb-584e-8f36-714b18633a5d,8ed1e43a-c128-5af5-8575-10d6de82dd53,Supplier,,,2,suppliers
a4d66718-26cb-584e-8f36-714b18633a5d,ba0b0988-0121-56e0-a907-0ebb03641ae5,Supplier,,,2,suppliers
a4d66718-26cb-584e-8f36-714b18633a5d,93909ac1-a9f6-5428-8c88-465106619c1b,Supplier,,,2,suppliers
a4d66718-26cb-584e-8f36-714b18633a5d,324987fd-5ccc-527d-b6cf-65f0622d3510,Supplier,,,2,suppliers
a90f87ab-0373-5960-b73b-8534d8caf546,c52b8073-c4d4-5d6f-95ca-f662fca50228,Supplier,,,2,suppliers
a90f87ab-0373-5960-b73b-8534d8caf546,3c39ac08-efa9-5c19-b1a4-e5888bffbde6,Supplier,,,2,suppliers
ae41c544-399d-5d39-9c22-bec6c4779996,2a12b863-c116-5c71-b288-e9d5629d500c,Supplier,,,2,suppliers
ae41c544-399d-5d39-9c22-bec6c4779996,003330b3-bd56-5d1d-b91a-cb008dbe3600,Supplier,,,2,suppliers
ae41c544-399d-5d39-9c22-bec6c4779996,2d6b1299-dca8-5748-8b47-67bd0b310ed6,Supplier,,,2,suppliers
ae41c544-399d-5d39-9c22-bec6c4779996,047159ff-5c81-592f-9263-a74f301620bd,Supplier,,,2,suppliers
ae41c544-399d-5d39-9c22-bec6c4779996,3ffbe759-274a-596d-8858-e793a715c69a,Supplier,,,2,suppliers
ae41c544-399d-5d39-9c22-bec6c4779996,0ed3d16a-8f2b-5d96-9d2d-eb17b96babd6,Supplier,,,2,suppliers
ae41c544-399d-5d39-9c22-bec6c4779996,39fb6522-8239-53b9-96a6-4d556c6ef966,Supplier,,,2,suppliers
ae41c544-399d-5d39-9c22-bec6c4779996,592b0682-6c27-51bb-8cc8-084b5fc4926c,Supplier,,,2,suppliers
ae41c544-399d-5d39-9c22-bec6c4779996,5d4bcecb-63f9-57fa-a1a5-c94ca11f88d3,Supplier,,,2,suppliers
ae41c544-399d-5d39-9c22-bec6c4779996,65bf4c6e-b062-5852-beab-c2964711cafa,Supplier,,,2,suppliers
ae41c544-399d-5d39-9c22-bec6c4779996,7972985e-ef3b-510a-9dd4-38b714f74941,Supplier,,,2,suppliers
ae41c544-399d-5d39-9c22-bec6c4779996,8535135c-1e7c-551e-844c-256f96446cba,Supplier,,,2,suppliers
ae41c544-399d-5d39-9c22-bec6c4779996,886a04be-1c6d-54ab-abaa-50f37aa684c8,Supplier,,,2,suppliers
ae41c544-399d-5d39-9c22-bec6c4779996,8e8f2971-3ed2-5f2b-bf02-09d4c93b533a,Supplier,,,2,suppliers
ae41c544-399d-5d39-9c22-bec6c4779996,9802b844-faf3-5e55-95a9-f6a76d146d40,Supplier,,,2,suppliers
ae41c544-399d-5d39-9c22-bec6c4779996,a597566e-19f4-5e0d-b121-81ac9a5565f4,Supplier,,,2,suppliers
ae41c544-399d-5d39-9c22-bec6c4779996,a5cee93c-9679-59af-adc8-fc1fcb470290,Supplier,,,2,suppliers
ae41c544-399d-5d39-9c22-bec6c4779996,a73dbce4-d5cd-512b-bd2f-67124f4739e4,Supplier,,,2,suppliers
ae41c544-399d-5d39-9c22-bec6c4779996,aa207bef-ae49-5169-ac4c-7d262b104ab3,Supplier,,,2,suppliers
ae41c544-399d-5d39-9c22-bec6c4779996,aed69b5d-4947-5535-9bb5-f75694387530,Supplier,,,2,suppliers
ae41c544-399d-5d39-9c22-bec6c4779996,b4688879-ec8e-5baf-b836-50f312ec103a,Supplier,,,2,suppliers
ae41c544-399d-5d39-9c22-bec6c4779996,ab3bae59-5fe5-5e34-abc2-a9b1e6962db1,Supplier,,,2,suppliers
ae41c544-399d-5d39-9c22-bec6c4779996,c31850c7-28f3-5c37-b2e0-f80f54306c55,Supplier,,,2,suppliers
ae41c544-399d-5d39-9c22-bec6c4779996,c52b8073-c4d4-5d6f-95ca-f662fca50228,Supplier,,,2,suppliers
ae41c544-399d-5d39-9c22-bec6c4779996,e322e059-3979-50cb-b52d-89e72da4bc5d,Supplier,,,2,suppliers
ae41c544-399d-5d39-9c22-bec6c4779996,e90becc0-510c-528e-b28a-d209e0df00f7,Supplier,,,2,suppliers
ae41c544-399d-5d39-9c22-bec6c4779996,e66c0b50-6260-54d4-9702-21fd9ec98ca1,Supplier,,,2,suppliers
ae41c544-399d-5d39-9c22-bec6c4779996,cafc1171-ddc2-518b-b0a5-3653a78e82c4,Supplier,,,2,suppliers
ae41c544-399d-5d39-9c22-bec6c4779996,cf902c3b-3fc3-588a-a1d2-166322d79199,Supplier,,,2,suppliers
ae41c544-399d-5d39-9c22-bec6c4779996,e1c58fd4-73a0-56b9-822e-a5ea7371f247,Supplier,,,2,suppliers
ae41c544-399d-5d39-9c22-bec6c4779996,17bb2c5c-97a4-5d39-81f3-0ed85fb20401,Supplier,,,2,suppliers
ae41c544-399d-5d39-9c22-bec6c4779996,8f6cd00d-8620-52d2-a41d-04e28a4bc9e1,Supplier,,,2,suppliers
ae41c544-399d-5d39-9c22-bec6c4779996,f24bd95c-6878-5c4b-b17d-0ec5b81834b3,Supplier,,,2,suppliers
ae41c544-399d-5d39-9c22-bec6c4779996,1e3f97f9-a6c6-5bf7-bf87-95e02605f108,Supplier,,,2,suppliers
ae41c544-399d-5d39-9c22-bec6c4779996,1f558d34-ec23-5af2-9ba7-d395de7525c9,Supplier,,,2,suppliers
ae41c544-399d-5d39-9c22-bec6c4779996,fdbd7fb4-2fc0-5f64-aa44-54a73280fdcb,Supplier,8.1,20.2,2,suppliers
ae41c544-399d-5d39-9c22-bec6c4779996,31736e2f-175c-52b1-b6eb-c8105c2f96d0,Supplier,,,2,suppliers
ae41c544-399d-5d39-9c22-bec6c4779996,3a81270d-0323-5fe0-8af4-9925099021ab,Supplier,,,2,suppliers
ae41c544-399d-5d39-9c22-bec6c4779996,a3e1c776-2da9-59e4-b541-d683d632a030,Supplier,,,2,suppliers
ae41c544-399d-5d39-9c22-bec6c4779996,ac4bd2a0-b7a3-50c6-8a14-cf4457f4630d,Supplier,,,2,suppliers
ae41c544-399d-5d39-9c22-bec6c4779996,029ed7b9-a3d2-5c41-88b4-2be1db66ebf8,Supplier,,,2,suppliers
ae41c544-399d-5d39-9c22-bec6c4779996,21df57ea-39ba-529e-a60a-ac0bfb37aaab,Supplier,,,2,suppliers
ae41c544-399d-5d39-9c22-bec6c4779996,530a9c24-0245-5521-bcb0-d4de2fa61058,Supplier,,,2,suppliers
ae41c544-399d-5d39-9c22-bec6c4779996,5b9a7912-ddb6-5944-a38b-aa1a8d97a3c6,Supplier,,,2,suppliers
ae41c544-399d-5d39-9c22-bec6c4779996,e9f5d372-a2f7-5fe7-bf5f-2054ca54c0bb,Supplier,,,2,suppliers
ae41c544-399d-5d39-9c22-bec6c4779996,40ddd0d3-f0a4-59a5-91a1-bb5c1651f7cd,Supplier,,,2,suppliers
ae41c544-399d-5d39-9c22-bec6c4779996,13b604b4-94bf-5987-b423-3d1916907934,Supplier,,,2,suppliers
ae41c544-399d-5d39-9c22-bec6c4779996,113a46b1-9704-5631-9cab-a0770d21b133,Supplier,,,2,suppliers
ae41c544-399d-5d39-9c22-bec6c4779996,4a2e07db-3cd1-572a-8e4b-d9915bf28842,Supplier,,,2,suppliers
ae41c544-399d-5d39-9c22-bec6c4779996,6cec7f35-0439-5cab-9d75-b61b7240ac4c,Supplier,,,2,suppliers
ae41c544-399d-5d39-9c22-bec6c4779996,aa47a9e7-36ab-5a91-b4f6-7be6bfab934a,Supplier,34.5,14.2,2,suppliers
ae41c544-399d-5d39-9c22-bec6c4779996,acb87673-be20-5247-9076-27fcd554058e,Supplier,,,2,suppliers
ae41c544-399d-5d39-9c22-bec6c4779996,b8bf7b4b-0fe6-5b73-a5a0-d0c9124808e8,Supplier,,,2,suppliers
ae41c544-399d-5d39-9c22-bec6c4779996,b90643bb-51ff-5aec-9d38-a45e75be4442,Supplier,,,2,suppliers
ae41c544-399d-5d39-9c22-bec6c4779996,cb3df95d-c711-5fc1-9114-227446354121,Supplier,,,2,suppliers
ae41c544-399d-5d39-9c22-bec6c4779996,ee9d16d8-ede2-5ebc-b712-6d3b3ab6db28,Supplier,,,2,suppliers
ae41c544-399d-5d39-9c22-bec6c4779996,f6c99621-bc2b-5bc6-bfaa-25153238c1bd,Supplier,,,2,suppliers
ae41c544-399d-5d39-9c22-bec6c4779996,e4c5622d-76fe-552c-bc21-dd80e6013acb,Supplier,,,2,suppliers
ae41c544-399d-5d39-9c22-bec6c4779996,cd71cf62-8119-5848-b40b-39c7ab59f4a5,Supplier,,,2,suppliers
ae41c544-399d-5d39-9c22-bec6c4779996,fdfc7816-6651-5cca-bf2b-a1a58d500a0d,Supplier,,,2,suppliers
ae41c544-399d-5d39-9c22-bec6c4779996,24e667c5-658a-5a2c-a22d-248f8d421d02,Supplier,,,2,suppliers
ae41c544-399d-5d39-9c22-bec6c4779996,5588d562-e579-55ff-b859-4947eb8a0d3a,Supplier,,,2,suppliers
ae41c544-399d-5d39-9c22-bec6c4779996,5a1c3d3c-51a0-54b9-94ed-60e6ca2f3a99,Supplier,5.5,0.15,2,suppliers
ae41c544-399d-5d39-9c22-bec6c4779996,6dcdfa1c-a105-50ca-bbae-cd74f7f32dea,Supplier,,,2,suppliers
ae41c544-399d-5d39-9c22-bec6c4779996,6435b98e-5c4f-5d0d-bc6f-0b5da8f0f2e9,Supplier,,,2,suppliers
ae41c544-399d-5d39-9c22-bec6c4779996,8d6862ba-23d3-5d86-86d4-378e336c454c,Supplier,,,2,suppliers
ae41c544-399d-5d39-9c22-bec6c4779996,858d0f8c-9d45-5acd-9d4c-068ae0e9eb56,Supplier,,,2,suppliers
ae41c544-399d-5d39-9c22-bec6c4779996,a2a58f54-b9a8-5610-a23f-bf8b17297fbd,Supplier,,,2,suppliers
ae41c544-399d-5d39-9c22-bec6c4779996,afaa056b-702e-527e-9a42-22ecef4dbe22,Supplier,,,2,suppliers
ae41c544-399d-5d39-9c22-bec6c4779996,b4c90b87-34c6-5fb5-a1d2-6e733b3f09c8,Supplier,,,2,suppliers
ae41c544-399d-5d39-9c22-bec6c4779996,c21b84f9-2cac-5114-8dd4-5e8b1bd38a86,Supplier,,,2,suppliers
ae41c544-399d-5d39-9c22-bec6c4779996,b1b54020-76aa-5359-8670-e6ede8d64d00,Supplier,7.9,3.0,2,suppliers
ae41c544-399d-5d39-9c22-bec6c4779996,b1ede9a4-987f-5637-96b8-776c2e891172,Supplier,,,2,suppliers
ae41c544-399d-5d39-9c22-bec6c4779996,c690c302-aca3-5daf-89f8-523df62d122e,Supplier,,,2,suppliers
ae41c544-399d-5d39-9c22-bec6c4779996,dc9ffe39-4a12-54c4-afe5-e10b1bb58650,Supplier,,,2,suppliers
ae41c544-399d-5d39-9c22-bec6c4779996,ed23a4d1-a288-5ccc-b6d6-8e1adf2b937c,Supplier,,,2,suppliers
ae41c544-399d-5d39-9c22-bec6c4779996,f2be22ce-a5b0-5a89-be1a-80ab83251d81,Supplier,,,2,suppliers
ae41c544-399d-5d39-9c22-bec6c4779996,f6b7da9d-8532-5db7-878d-9b87b345e948,Supplier,,,2,suppliers
ae41c544-399d-5d39-9c22-bec6c4779996,17429131-edf8-5cb4-be38-ed5abde43716,Supplier,,,2,suppliers
ae41c544-399d-5d39-9c22-bec6c4779996,37cec593-f30d-587a-b90e-afd684952024,Supplier,,,2,suppliers
ae41c544-399d-5d39-9c22-bec6c4779996,2ac4d0eb-6335-5d2b-bf64-2355190a2768,Supplier,,,2,suppliers
ae41c544-399d-5d39-9c22-bec6c4779996,5e709c45-9706-5e31-bf09-791720895509,Supplier,,,2,suppliers
ae41c544-399d-5d39-9c22-bec6c4779996,77ea13ba-a414-524c-88c6-66d8a8d1808e,Supplier,,,2,suppliers
ae41c544-399d-5d39-9c22-bec6c4779996,7a25c58f-575c-5695-a989-f99f0be809f0,Supplier,,,2,suppliers
ae41c544-399d-5d39-9c22-bec6c4779996,7da502b4-35a2-5d4a-80a2-6397196f8c48,Supplier,,,2,suppliers
ae41c544-399d-5d39-9c22-bec6c4779996,a48ba95b-5313-5143-bed8-00ac8428ba8b,Supplier,,,2,suppliers
ae41c544-399d-5d39-9c22-bec6c4779996,cd88b93c-dcb6-59af-a0df-5636ce32bc09,Supplier,,,2,suppliers
ae41c544-399d-5d39-9c22-bec6c4779996,d83b8d38-bc0d-5be0-a748-5db058ecfd7f,Supplier,,,2,suppliers
ae41c544-399d-5d39-9c22-bec6c4779996,dc3eee8f-1f71-53d6-bc3d-e602e71a20ba,Supplier,,,2,suppliers
ae41c544-399d-5d39-9c22-bec6c4779996,f2795b52-3198-559e-8cef-ab5253432f3c,Supplier,,,2,suppliers
ae41c544-399d-5d39-9c22-bec6c4779996,0683aef8-5821-5409-9466-5a46079ead2c,Supplier,,,2,suppliers
ae41c544-399d-5d39-9c22-bec6c4779996,2250bbdd-309a-553d-a30b-9835a2d330c9,Supplier,,,2,suppliers
ae41c544-399d-5d39-9c22-bec6c4779996,2f3f435e-86b4-5a64-b962-2e1d6552377a,Supplier,,,2,suppliers
ae41c544-399d-5d39-9c22-bec6c4779996,4ce6de91-8462-54fc-9888-10c104399760,Supplier,,,2,suppliers
ae41c544-399d-5d39-9c22-bec6c4779996,770a1b32-cefd-54d3-8efe-5e8dfe94feca,Supplier,,,2,suppliers
ae41c544-399d-5d39-9c22-bec6c4779996,8c6c6e46-dc43-5f45-971b-d707101448be,Supplier,,,2,suppliers
ae41c544-399d-5d39-9c22-bec6c4779996,a323f47f-7a85-55b8-b2f6-cd5d8bd8b012,Supplier,,,2,suppliers
ae41c544-399d-5d39-9c22-bec6c4779996,8c8c6e59-14c2-55bd-b840-7fdae6d0bfa9,Supplier,,,2,suppliers
ae41c544-399d-5d39-9c22-bec6c4779996,bdd8275e-a4d5-5915-b38c-f20799197f92,Supplier,,,2,suppliers
ae41c544-399d-5d39-9c22-bec6c4779996,d2c1dbb8-27e3-5899-be12-2493db2b206d,Supplier,,,2,suppliers
ae41c544-399d-5d39-9c22-bec6c4779996,d8cc4656-b8a1-5150-8098-90b46540cde6,Supplier,,,2,suppliers
ae41c544-399d-5d39-9c22-bec6c4779996,f9c21f2d-95e9-51c8-ba97-98dccdc44165,Supplier,,,2,suppliers
ae41c544-399d-5d39-9c22-bec6c4779996,16791cb0-7a9d-5b6c-aa2b-f74dadb694e7,Supplier,,,2,suppliers
ae41c544-399d-5d39-9c22-bec6c4779996,191af2e4-d9d1-5e8c-9288-d8e0c46c4c85,Supplier,,,2,suppliers
ae41c544-399d-5d39-9c22-bec6c4779996,4550454a-24f8-5c5c-ba15-010209e95cb1,Supplier,,,2,suppliers
ae41c544-399d-5d39-9c22-bec6c4779996,75ccd326-aa5a-5abc-8bb9-b723a8c5ee39,Supplier,,,2,suppliers
ae41c544-399d-5d39-9c22-bec6c4779996,883899e2-a41c-5bf9-8b7d-9306becc03ac,Supplier,,,2,suppliers
ae41c544-399d-5d39-9c22-bec6c4779996,a4dbe5b7-20af-5c77-9f5d-5c4b1345de76,Supplier,,,2,suppliers
ae41c544-399d-5d39-9c22-bec6c4779996,ab42a81c-ef3f-5b45-b8a3-bbe2a4a2d55f,Supplier,,,2,suppliers
ae41c544-399d-5d39-9c22-bec6c4779996,c3f6d6ac-4dc9-5c25-a993-ebbad97ea848,Supplier,,,2,suppliers
ae41c544-399d-5d39-9c22-bec6c4779996,c91c67ed-9029-58ee-b88d-2712d371d85e,Supplier,,,2,suppliers
ae41c544-399d-5d39-9c22-bec6c4779996,df165615-aaef-5805-beda-a4010f61d723,Supplier,,,2,suppliers
ae41c544-399d-5d39-9c22-bec6c4779996,dfa7251b-cd23-58e0-a546-a40ac012fec2,Supplier,,,2,suppliers
ae41c544-399d-5d39-9c22-bec6c4779996,e670adcc-0332-55b9-a5be-272057941164,Supplier,,,2,suppliers
ae41c544-399d-5d39-9c22-bec6c4779996,fe7a1597-5640-56da-ac31-d531c12bb0c3,Supplier,,,2,suppliers
aea3b175-f63b-5a3d-8633-9d1c92834c34,d66a8c2b-cdf5-545b-a6ae-1676d6c319f6,Supplier,10.8,0.35,2,suppliers
aea3b175-f63b-5a3d-8633-9d1c92834c34,f00da1a1-f8a4-5b26-ab51-0675293af2fd,Supplier,,,2,suppliers
aea3b175-f63b-5a3d-8633-9d1c92834c34,31e86d39-0ae5-5956-9b0b-16c1caf5b7de,Supplier,,,2,suppliers
aea3b175-f63b-5a3d-8633-9d1c92834c34,2bf33ba6-f575-51a8-9968-a61be3936fa9,Supplier,,10.61,2,suppliers
aea3b175-f63b-5a3d-8633-9d1c92834c34,9f06a9f0-e7cf-5099-a0cc-831d342f57f1,Supplier,,,2,suppliers
aea3b175-f63b-5a3d-8633-9d1c92834c34,a9e77eb9-c3ce-5a60-8da0-f874486e9c41,Supplier,,,2,suppliers
aea3b175-f63b-5a3d-8633-9d1c92834c34,7b22b493-b096-530c-817b-56769eb04d3a,Supplier,,,2,suppliers
aea3b175-f63b-5a3d-8633-9d1c92834c34,19ca89cd-2ddb-57f8-98ae-44fb3dd136dc,Supplier,,,2,suppliers
afb6c7b8-15a8-5bfa-88bd-9f8fad610a65,6c5f5a8b-115b-5e0c-854b-e1ef11e5a8f2,Supplier,,,2,suppliers
b66eaaa0-0517-5f15-a574-4c7f359422dd,00bc194a-c225-533f-a5c4-f8c6e05bc373,Supplier,,,2,suppliers
b66eaaa0-0517-5f15-a574-4c7f359422dd,4852bdce-9fc1-55b0-a4ff-d7a39c056676,Supplier,,,2,suppliers
b66eaaa0-0517-5f15-a574-4c7f359422dd,7b6d8756-54b5-5663-8464-275640ed8218,Supplier,,,2,suppliers
b66eaaa0-0517-5f15-a574-4c7f359422dd,a13e321d-5d97-582d-ba47-149f5db8aa0a,Supplier,,,2,suppliers
b66eaaa0-0517-5f15-a574-4c7f359422dd,b7be45fa-caa8-5baa-a166-d745cfc6ce2e,Supplier,,,2,suppliers
b66eaaa0-0517-5f15-a574-4c7f359422dd,dd9c95d7-2af5-549a-a418-b3fc0150405d,Supplier,,,2,suppliers
b66eaaa0-0517-5f15-a574-4c7f359422dd,ec346281-2ce7-584a-84a9-32038e64e7db,Supplier,,,2,suppliers
b66eaaa0-0517-5f15-a574-4c7f359422dd,e74a0f45-f487-5dc9-b52e-d9ffd8312003,Supplier,,,2,suppliers
b66eaaa0-0517-5f15-a574-4c7f359422dd,9afcd1fe-08c3-5496-9797-77eaebe036b0,Supplier,,,2,suppliers
b66eaaa0-0517-5f15-a574-4c7f359422dd,3a81270d-0323-5fe0-8af4-9925099021ab,Supplier,,,2,suppliers
b66eaaa0-0517-5f15-a574-4c7f359422dd,f01bdda9-c51a-5d8f-bb15-6ce65dcf4bd7,Supplier,,,2,suppliers
b66eaaa0-0517-5f15-a574-4c7f359422dd,464ea8f7-a2cf-585f-94e0-919e4bf49864,Supplier,,,2,suppliers
b66eaaa0-0517-5f15-a574-4c7f359422dd,530a9c24-0245-5521-bcb0-d4de2fa61058,Supplier,,,2,suppliers
b66eaaa0-0517-5f15-a574-4c7f359422dd,874a8377-1d19-58b1-aa4a-0e86149d6326,Supplier,,,2,suppliers
b66eaaa0-0517-5f15-a574-4c7f359422dd,e590c349-730d-515a-898a-ba3b0aaf6d4e,Supplier,,,2,suppliers
b66eaaa0-0517-5f15-a574-4c7f359422dd,fbe239e1-e1dc-5f21-bafa-b128b6ddb826,Supplier,,,2,suppliers
b66eaaa0-0517-5f15-a574-4c7f359422dd,cb99e94b-2b29-5858-9bf0-8b7015819cad,Supplier,,,2,suppliers
b66eaaa0-0517-5f15-a574-4c7f359422dd,f06b0eeb-bc89-54cd-8bf8-26bee10f3aac,Supplier,,,2,suppliers
b66eaaa0-0517-5f15-a574-4c7f359422dd,2eaacdca-45f4-5e9a-881f-1053330abf51,Supplier,,,2,suppliers
b66eaaa0-0517-5f15-a574-4c7f359422dd,115940eb-dbe3-532f-8623-fae4674fe849,Supplier,,,2,suppliers
b66eaaa0-0517-5f15-a574-4c7f359422dd,35882b86-1131-5885-9cfb-98b354faecfb,Supplier,,,2,suppliers
b66eaaa0-0517-5f15-a574-4c7f359422dd,1e4ed52f-1bbc-5abb-9062-3385d1a36212,Supplier,,,2,suppliers
b66eaaa0-0517-5f15-a574-4c7f359422dd,6cb5511f-7100-58d9-ad77-dbd767d932ec,Supplier,,,2,suppliers
b66eaaa0-0517-5f15-a574-4c7f359422dd,9634f31e-87d0-5cc5-a422-288ab434fc63,Supplier,,,2,suppliers
b66eaaa0-0517-5f15-a574-4c7f359422dd,c7684a2e-4856-5174-b75d-f0f54dbbcb38,Supplier,,,2,suppliers
b66eaaa0-0517-5f15-a574-4c7f359422dd,04e2c173-9aee-5901-b6c8-ffe11965733f,Supplier,,,2,suppliers
b66eaaa0-0517-5f15-a574-4c7f359422dd,896be0e1-27ec-5758-952a-97d12a8b1db3,Supplier,,,2,suppliers
b66eaaa0-0517-5f15-a574-4c7f359422dd,8a7f12c9-f653-554b-aa00-78066d49d51d,Supplier,,,2,suppliers
b66eaaa0-0517-5f15-a574-4c7f359422dd,d936f855-152b-50f4-9170-317a3cba4691,Supplier,,,2,suppliers
b66eaaa0-0517-5f15-a574-4c7f359422dd,c1828f89-403d-5a9f-897a-e3d4e223b8d7,Supplier,,,2,suppliers
b66eaaa0-0517-5f15-a574-4c7f359422dd,9d6206c7-77bd-561a-abec-e276c22c7fac,Supplier,,,2,suppliers
b66eaaa0-0517-5f15-a574-4c7f359422dd,0657d458-42ef-51b6-b35f-4aeb6e22d9ef,Supplier,,,2,suppliers
b66eaaa0-0517-5f15-a574-4c7f359422dd,0c4c6e48-7ce6-5b16-9b15-d2c8cdbe0588,Supplier,,,2,suppliers
b66eaaa0-0517-5f15-a574-4c7f359422dd,1d86d82b-6b72-574f-a459-8ef6cbe59007,Supplier,,,2,suppliers
b66eaaa0-0517-5f15-a574-4c7f359422dd,324987fd-5ccc-527d-b6cf-65f0622d3510,Supplier,,,2,suppliers
b66eaaa0-0517-5f15-a574-4c7f359422dd,5c1be85d-cd8d-51f7-a8ac-229b5c5d2aa6,Supplier,,,2,suppliers
b66eaaa0-0517-5f15-a574-4c7f359422dd,7257c012-9f23-5d6a-86a5-aea2f0ed251a,Supplier,,,2,suppliers
b66eaaa0-0517-5f15-a574-4c7f359422dd,d607e7fe-e8ef-51ad-86a5-8f9a2f1abdb2,Supplier,,,2,suppliers
bf5e30ed-7053-5650-a68d-f2f59623d1b4,f7fbdf3c-e3a7-5e63-b01a-b9dcdfcbfe8e,Supplier,,,2,suppliers
bf5e30ed-7053-5650-a68d-f2f59623d1b4,0a00bc59-36ac-5944-8f29-a511f84a1691,Supplier,,,2,suppliers
c11ffe47-263d-5b7e-b627-000fbc07b3d7,1264d4ae-fd9b-5d22-94ce-0f9d8b4bfb89,Supplier,,,2,suppliers
c11ffe47-263d-5b7e-b627-000fbc07b3d7,aeb033b3-fc94-5b39-9acf-fe0e01fa26e2,Supplier,,,2,suppliers
c11ffe47-263d-5b7e-b627-000fbc07b3d7,31e86d39-0ae5-5956-9b0b-16c1caf5b7de,Supplier,,,2,suppliers
c11ffe47-263d-5b7e-b627-000fbc07b3d7,47b2bacc-3cfa-55a0-bd27-f8bcd9e51b15,Supplier,,,2,suppliers
c11ffe47-263d-5b7e-b627-000fbc07b3d7,b01c734e-d5cb-5b6c-93b7-2dc75a58712a,Supplier,,,2,suppliers
c11ffe47-263d-5b7e-b627-000fbc07b3d7,4f8d8c7a-3da3-5844-858f-9755ae939032,Supplier,,,2,suppliers
c11ffe47-263d-5b7e-b627-000fbc07b3d7,f6418dc8-05d0-534e-93bf-5538b9967117,Supplier,,,2,suppliers
c81dacc2-2f02-5c7d-bc58-60259240b1a0,dee75749-90b6-5187-ba3c-322962f420b8,Supplier,,,2,suppliers
c81dacc2-2f02-5c7d-bc58-60259240b1a0,db11f461-c9f0-5af8-87fa-b83543b68a4b,Supplier,,,2,suppliers
c81dacc2-2f02-5c7d-bc58-60259240b1a0,e4600166-8993-51f3-aa4b-7cf1267e85b9,Supplier,,,2,suppliers
c81dacc2-2f02-5c7d-bc58-60259240b1a0,e8d20dae-1174-5b1d-a5ec-820dc61f75c5,Supplier,,,2,suppliers
c81dacc2-2f02-5c7d-bc58-60259240b1a0,d3fb4f31-54ed-57f2-b35d-dbd5284667d2,Supplier,,,2,suppliers
ca3f886c-37f8-5894-887c-e7756a09ceb9,6c5f5a8b-115b-5e0c-854b-e1ef11e5a8f2,Supplier,,,2,suppliers
cfb64b9c-d551-5315-921d-75d28d52e1e2,b938f15f-5247-5a23-b624-2007646c1e11,Supplier,,,2,suppliers
d0c09529-644e-5e20-9fe1-dcfa4e176c55,4d2a0755-75ab-5a50-808d-eba8c871cfb3,Supplier,,,2,suppliers
d580b949-c444-5daa-88c3-d10967d86896,4852bdce-9fc1-55b0-a4ff-d7a39c056676,Supplier,,,2,suppliers
d580b949-c444-5daa-88c3-d10967d86896,74ff6c5c-3c4c-57f2-885e-61a77ba0f85a,Supplier,,,2,suppliers
d580b949-c444-5daa-88c3-d10967d86896,7b6d8756-54b5-5663-8464-275640ed8218,Supplier,,,2,suppliers
d580b949-c444-5daa-88c3-d10967d86896,a13e321d-5d97-582d-ba47-149f5db8aa0a,Supplier,,,2,suppliers
d580b949-c444-5daa-88c3-d10967d86896,b7be45fa-caa8-5baa-a166-d745cfc6ce2e,Supplier,,,2,suppliers
d580b949-c444-5daa-88c3-d10967d86896,dd9c95d7-2af5-549a-a418-b3fc0150405d,Supplier,,,2,suppliers
d580b949-c444-5daa-88c3-d10967d86896,2c2fd85d-8cf9-505a-bcc2-9cf5fec19ee0,Supplier,,,2,suppliers
d580b949-c444-5daa-88c3-d10967d86896,3bd7e4fb-2734-59e7-92df-e99aec12ad4b,Supplier,,,2,suppliers
d580b949-c444-5daa-88c3-d10967d86896,4c650158-9921-5543-bb92-7db99a9af0e5,Supplier,,,2,suppliers
d580b949-c444-5daa-88c3-d10967d86896,9afcd1fe-08c3-5496-9797-77eaebe036b0,Supplier,,,2,suppliers
d580b949-c444-5daa-88c3-d10967d86896,e74a0f45-f487-5dc9-b52e-d9ffd8312003,Supplier,,,2,suppliers
d580b949-c444-5daa-88c3-d10967d86896,fdbd7fb4-2fc0-5f64-aa44-54a73280fdcb,Supplier,1.2,3.1,2,suppliers
d580b949-c444-5daa-88c3-d10967d86896,01a97b18-d831-5886-aa5d-7df555e83291,Supplier,,,2,suppliers
d580b949-c444-5daa-88c3-d10967d86896,fbe239e1-e1dc-5f21-bafa-b128b6ddb826,Supplier,,,2,suppliers
d580b949-c444-5daa-88c3-d10967d86896,4d4f13fe-2d55-589f-a517-c76f28008b16,Supplier,,,2,suppliers
d580b949-c444-5daa-88c3-d10967d86896,464ea8f7-a2cf-585f-94e0-919e4bf49864,Supplier,,,2,suppliers
d580b949-c444-5daa-88c3-d10967d86896,7c3f2692-c9f9-5759-8a77-41eaeea050d3,Supplier,,,2,suppliers
d580b949-c444-5daa-88c3-d10967d86896,30075363-e6ae-5736-8ec8-88a14b8c65bb,Supplier,,,2,suppliers
d580b949-c444-5daa-88c3-d10967d86896,9ab26d94-d373-54c7-8081-16f7a11abcb2,Supplier,,,2,suppliers
d580b949-c444-5daa-88c3-d10967d86896,f06b0eeb-bc89-54cd-8bf8-26bee10f3aac,Supplier,,,2,suppliers
d580b949-c444-5daa-88c3-d10967d86896,1e4ed52f-1bbc-5abb-9062-3385d1a36212,Supplier,,,2,suppliers
d580b949-c444-5daa-88c3-d10967d86896,6cb5511f-7100-58d9-ad77-dbd767d932ec,Supplier,,,2,suppliers
d580b949-c444-5daa-88c3-d10967d86896,2eaacdca-45f4-5e9a-881f-1053330abf51,Supplier,,,2,suppliers
d580b949-c444-5daa-88c3-d10967d86896,b0dba669-de80-5bff-a87e-3bcf608bd65d,Supplier,,,2,suppliers
d580b949-c444-5daa-88c3-d10967d86896,ba0b0988-0121-56e0-a907-0ebb03641ae5,Supplier,,,2,suppliers
d580b949-c444-5daa-88c3-d10967d86896,a20e29a8-2ecb-5756-aa75-6d3dffb97775,Supplier,,,2,suppliers
d580b949-c444-5daa-88c3-d10967d86896,04e2c173-9aee-5901-b6c8-ffe11965733f,Supplier,,,2,suppliers
d580b949-c444-5daa-88c3-d10967d86896,896be0e1-27ec-5758-952a-97d12a8b1db3,Supplier,,,2,suppliers
d580b949-c444-5daa-88c3-d10967d86896,a323f47f-7a85-55b8-b2f6-cd5d8bd8b012,Supplier,,,2,suppliers
d580b949-c444-5daa-88c3-d10967d86896,c1828f89-403d-5a9f-897a-e3d4e223b8d7,Supplier,,,2,suppliers
d580b949-c444-5daa-88c3-d10967d86896,0657d458-42ef-51b6-b35f-4aeb6e22d9ef,Supplier,,,2,suppliers
d580b949-c444-5daa-88c3-d10967d86896,1e15f721-3845-5549-a475-c6d96d93807b,Supplier,,,2,suppliers
d580b949-c444-5daa-88c3-d10967d86896,324987fd-5ccc-527d-b6cf-65f0622d3510,Supplier,,,2,suppliers
d580b949-c444-5daa-88c3-d10967d86896,bff23647-a83a-57a3-b7cc-582c4225daab,Supplier,,,2,suppliers
d580b949-c444-5daa-88c3-d10967d86896,d607e7fe-e8ef-51ad-86a5-8f9a2f1abdb2,Supplier,,,2,suppliers
dcf03705-390b-5138-84b6-b24a5b866eac,047159ff-5c81-592f-9263-a74f301620bd,Supplier,,,2,suppliers
dcf03705-390b-5138-84b6-b24a5b866eac,09a46c67-e03d-5276-894f-8907c1bcb4dc,Supplier,,,2,suppliers
dcf03705-390b-5138-84b6-b24a5b866eac,1c1cf39d-ddec-5a9d-aa4e-9903872a6aee,Supplier,,,2,suppliers
dcf03705-390b-5138-84b6-b24a5b866eac,1cb5f941-4ae6-58c3-8254-b2831583caff,Supplier,,,2,suppliers
dcf03705-390b-5138-84b6-b24a5b866eac,1cd4ec09-35b4-52c9-a45c-50b252007674,Supplier,,,2,suppliers
dcf03705-390b-5138-84b6-b24a5b866eac,1eb01ebe-99e1-5dbf-9d3d-6d12b7803be0,Supplier,,,2,suppliers
dcf03705-390b-5138-84b6-b24a5b866eac,2a12b863-c116-5c71-b288-e9d5629d500c,Supplier,,,2,suppliers
dcf03705-390b-5138-84b6-b24a5b866eac,45e7aa2c-c37e-55f4-9766-3df0ae9fb87a,Supplier,,,2,suppliers
dcf03705-390b-5138-84b6-b24a5b866eac,696ca102-b5b5-58c9-be2a-855f2818fae9,Supplier,,,2,suppliers
dcf03705-390b-5138-84b6-b24a5b866eac,29ab0629-2547-592c-90b1-2d75bd10232f,Supplier,,,2,suppliers
dcf03705-390b-5138-84b6-b24a5b866eac,2d6b1299-dca8-5748-8b47-67bd0b310ed6,Supplier,,,2,suppliers
dcf03705-390b-5138-84b6-b24a5b866eac,8a37ae40-4842-5699-8255-3210d83ae8a6,Supplier,,,2,suppliers
dcf03705-390b-5138-84b6-b24a5b866eac,825a9210-57d5-527e-88b5-fdaaf63b4fb9,Supplier,,,2,suppliers
dcf03705-390b-5138-84b6-b24a5b866eac,4b07521f-666e-5772-9538-3f54aac3a5f6,Supplier,,,2,suppliers
dcf03705-390b-5138-84b6-b24a5b866eac,9db28823-ac54-5f6e-9979-3d11311eea3a,Supplier,,,2,suppliers
dcf03705-390b-5138-84b6-b24a5b866eac,a399df47-bee5-5f85-9d67-c45c8f4a06c9,Supplier,,,2,suppliers
dcf03705-390b-5138-84b6-b24a5b866eac,a73dbce4-d5cd-512b-bd2f-67124f4739e4,Supplier,,,2,suppliers
dcf03705-390b-5138-84b6-b24a5b866eac,aed69b5d-4947-5535-9bb5-f75694387530,Supplier,,,2,suppliers
dcf03705-390b-5138-84b6-b24a5b866eac,beba1001-5eb5-5c35-9b0a-82eb2666e0ab,Supplier,,,2,suppliers
dcf03705-390b-5138-84b6-b24a5b866eac,cc28d86a-9708-5ba7-a09d-c6d2e2b8ca07,Supplier,,,2,suppliers
dcf03705-390b-5138-84b6-b24a5b866eac,d22eedbd-249c-503d-b761-8f1bfdf85de5,Supplier,,,2,suppliers
dcf03705-390b-5138-84b6-b24a5b866eac,c52b8073-c4d4-5d6f-95ca-f662fca50228,Supplier,,,2,suppliers
dcf03705-390b-5138-84b6-b24a5b866eac,c33ad4ef-1a5f-597a-a40b-e4534e0fba6a,Supplier,,,2,suppliers
dcf03705-390b-5138-84b6-b24a5b866eac,e1c58fd4-73a0-56b9-822e-a5ea7371f247,Supplier,,,2,suppliers
dcf03705-390b-5138-84b6-b24a5b866eac,fa205d59-282e-537e-aacb-2c34af79fc07,Supplier,,,2,suppliers
dcf03705-390b-5138-84b6-b24a5b866eac,8f6cd00d-8620-52d2-a41d-04e28a4bc9e1,Supplier,,,2,suppliers
dcf03705-390b-5138-84b6-b24a5b866eac,fdbd7fb4-2fc0-5f64-aa44-54a73280fdcb,Supplier,,4.9,2,suppliers
dcf03705-390b-5138-84b6-b24a5b866eac,915d199f-41e9-59ce-85a6-465105a974f8,Supplier,,,2,suppliers
dcf03705-390b-5138-84b6-b24a5b866eac,cb4a9dd6-38cc-5532-9595-b3dc40ef2389,Supplier,,,2,suppliers
dcf03705-390b-5138-84b6-b24a5b866eac,0f1ef500-f322-56a1-b203-b1402121dc17,Supplier,,,2,suppliers
dcf03705-390b-5138-84b6-b24a5b866eac,3fad2d1e-9b9d-5e6c-8f18-4540f4f7256e,Supplier,,,2,suppliers
dcf03705-390b-5138-84b6-b24a5b866eac,4412d28e-0552-5871-9312-78074d869c09,Supplier,,,2,suppliers
dcf03705-390b-5138-84b6-b24a5b866eac,bbf277e3-40e2-51ba-874b-37d66be57c10,Supplier,,,2,suppliers
dcf03705-390b-5138-84b6-b24a5b866eac,ccb54c8d-4c69-5e99-a885-222ac8dbe4e0,Supplier,,,2,suppliers
dcf03705-390b-5138-84b6-b24a5b866eac,e17101f5-34b2-53c9-83c3-925557d7da9c,Supplier,,,2,suppliers
dcf03705-390b-5138-84b6-b24a5b866eac,3c802ca5-694b-5dee-8548-6c81755a4805,Supplier,,,2,suppliers
dcf03705-390b-5138-84b6-b24a5b866eac,a23f2b38-49b7-5460-9703-47081dc462f3,Supplier,,,2,suppliers
dcf03705-390b-5138-84b6-b24a5b866eac,cd71cf62-8119-5848-b40b-39c7ab59f4a5,Supplier,,,2,suppliers
dcf03705-390b-5138-84b6-b24a5b866eac,ed002ad2-c162-5322-9303-76782a6721f4,Supplier,,,2,suppliers
dcf03705-390b-5138-84b6-b24a5b866eac,0235c66b-05cf-59b1-8483-3ef5c5eb7a7f,Supplier,,,2,suppliers
dcf03705-390b-5138-84b6-b24a5b866eac,02531409-05df-5201-b8f7-960c328144df,Supplier,,,2,suppliers
dcf03705-390b-5138-84b6-b24a5b866eac,076b96ff-d671-5dc0-93be-5c443ffcbcb7,Supplier,,,2,suppliers
dcf03705-390b-5138-84b6-b24a5b866eac,24e667c5-658a-5a2c-a22d-248f8d421d02,Supplier,,,2,suppliers
dcf03705-390b-5138-84b6-b24a5b866eac,3598047b-a301-53be-86d8-aa183febaaec,Supplier,,,2,suppliers
dcf03705-390b-5138-84b6-b24a5b866eac,4be16e95-b7d5-5835-a6d5-d4de513c3b6c,Supplier,,,2,suppliers
dcf03705-390b-5138-84b6-b24a5b866eac,3c3088de-d028-5b73-83e8-3eb197d57a8c,Supplier,,,2,suppliers
dcf03705-390b-5138-84b6-b24a5b866eac,b7982555-e7a5-5db9-9b56-5b4304e2d384,Supplier,,,2,suppliers
dcf03705-390b-5138-84b6-b24a5b866eac,f6b7da9d-8532-5db7-878d-9b87b345e948,Supplier,,,2,suppliers
dcf03705-390b-5138-84b6-b24a5b866eac,62313b85-edce-552c-96d0-f34e87a37acb,Supplier,,,2,suppliers
dcf03705-390b-5138-84b6-b24a5b866eac,905239a9-327f-5421-a41f-9038bceaf484,Supplier,,,2,suppliers
dcf03705-390b-5138-84b6-b24a5b866eac,931a9917-a0e0-5889-934e-bdb81698564c,Supplier,,,2,suppliers
dcf03705-390b-5138-84b6-b24a5b866eac,cd88b93c-dcb6-59af-a0df-5636ce32bc09,Supplier,,,2,suppliers
dcf03705-390b-5138-84b6-b24a5b866eac,b949c627-197b-5769-8874-94ede46410dc,Supplier,,,2,suppliers
dcf03705-390b-5138-84b6-b24a5b866eac,2250bbdd-309a-553d-a30b-9835a2d330c9,Supplier,,,2,suppliers
dcf03705-390b-5138-84b6-b24a5b866eac,583b9f90-1f02-5e5c-b482-e89363967bd0,Supplier,,,2,suppliers
dcf03705-390b-5138-84b6-b24a5b866eac,770a1b32-cefd-54d3-8efe-5e8dfe94feca,Supplier,,,2,suppliers
dcf03705-390b-5138-84b6-b24a5b866eac,a201ebff-9526-52a8-bed6-720d77e85812,Supplier,,,2,suppliers
dcf03705-390b-5138-84b6-b24a5b866eac,c857cf8f-871e-505d-b7f2-12afea7afe40,Supplier,,,2,suppliers
dcf03705-390b-5138-84b6-b24a5b866eac,d0fdb310-e0ff-5da4-8c23-e83cd22cc96c,Supplier,,,2,suppliers
dcf03705-390b-5138-84b6-b24a5b866eac,fd0e09ac-0eb1-5c52-8178-fa2099f33e38,Supplier,,,2,suppliers
dcf03705-390b-5138-84b6-b24a5b866eac,07b23555-5bf7-5226-9b45-62a98ef5dc08,Supplier,,,2,suppliers
dcf03705-390b-5138-84b6-b24a5b866eac,5a79baaf-c137-5356-a00f-24ba5bd1b5a8,Supplier,,,2,suppliers
dcf03705-390b-5138-84b6-b24a5b866eac,883899e2-a41c-5bf9-8b7d-9306becc03ac,Supplier,,,2,suppliers
dcf03705-390b-5138-84b6-b24a5b866eac,d0398e1d-df30-51ec-8a90-adb9572fc340,Supplier,,,2,suppliers
dcf03705-390b-5138-84b6-b24a5b866eac,fe688ecf-a9da-5cb3-a7ec-86539fffcd43,Supplier,,,2,suppliers
dcf03705-390b-5138-84b6-b24a5b866eac,a0bdea2c-e1cb-530c-a97d-9a1e0e340f5a,Supplier,,,2,suppliers
dcf03705-390b-5138-84b6-b24a5b866eac,0f1b68c7-7d3a-57e5-bd26-27f138bded2c,Supplier,,,2,suppliers
dcf03705-390b-5138-84b6-b24a5b866eac,919e29df-41fe-5a75-afdd-c1aa71704106,Supplier,,,2,suppliers
dcf03705-390b-5138-84b6-b24a5b866eac,de89cf9b-ac89-5268-a258-260e9e76e620,Supplier,,,2,suppliers
dcf03705-390b-5138-84b6-b24a5b866eac,0bdbc47e-b270-58db-8dd1-85a1c5dd2015,Supplier,,,2,suppliers
dcf03705-390b-5138-84b6-b24a5b866eac,ca1ebf19-525c-5db3-8524-09224aefa9db,Supplier,,,2,suppliers
eb3e0007-78a8-5297-9ce3-66a74de57cc1,1fc371dc-1a9b-5cb6-99d3-551c9b4af6d1,Supplier,,,2,suppliers
eb3e0007-78a8-5297-9ce3-66a74de57cc1,3a9c43c3-3a64-579a-a5bf-bbf8ddbed714,Supplier,,,2,suppliers
eb3e0007-78a8-5297-9ce3-66a74de57cc1,dc9ffe39-4a12-54c4-afe5-e10b1bb58650,Supplier,,,2,suppliers
eb3e0007-78a8-5297-9ce3-66a74de57cc1,306569ef-2f10-5122-b04a-075ec4d6d237,Supplier,,,2,suppliers
eb3e0007-78a8-5297-9ce3-66a74de57cc1,858d0f8c-9d45-5acd-9d4c-068ae0e9eb56,Supplier,,,2,suppliers
eb3e0007-78a8-5297-9ce3-66a74de57cc1,a2db4e7e-f11c-50c9-b78d-f97cec1761e4,Supplier,,,2,suppliers
eb3e0007-78a8-5297-9ce3-66a74de57cc1,4ce6de91-8462-54fc-9888-10c104399760,Supplier,,,2,suppliers
eb3e0007-78a8-5297-9ce3-66a74de57cc1,f34712ae-6fd7-5293-818e-ee5fddc310da,Supplier,,,2,suppliers
eb3e0007-78a8-5297-9ce3-66a74de57cc1,191af2e4-d9d1-5e8c-9288-d8e0c46c4c85,Supplier,,,2,suppliers
eb3e0007-78a8-5297-9ce3-66a74de57cc1,88da2cca-949a-587e-9fb1-6139a50c6159,Supplier,,,2,suppliers
eb3e0007-78a8-5297-9ce3-66a74de57cc1,c91c67ed-9029-58ee-b88d-2712d371d85e,Supplier,,,2,suppliers
eb3e0007-78a8-5297-9ce3-66a74de57cc1,c3f6d6ac-4dc9-5c25-a993-ebbad97ea848,Supplier,,,2,suppliers
